Municipio;Dose;Contagem de Id Vacinacao
NOVA CASTILHO;2° Dose;5
SANTANA DA PONTE PENSA;2° Dose;14
GABRIEL MONTEIRO;2° Dose;20
SAGRES;2° Dose;17
GUARANI D'OESTE;2° Dose;18
NOVA CANAÃ PAULISTA;2° Dose;18
CRUZÁLIA;2° Dose;23
VITÓRIA BRASIL;2° Dose;23
PAULISTÂNIA;2° Dose;23
PONTALINDA;2° Dose;22
QUADRA;2° Dose;26
BOREBI;2° Dose;35
NOVA GUATAPORANGA;2° Dose;21
UNIÃO PAULISTA;2° Dose;21
DIRCE REIS;2° Dose;25
PONTES GESTAL;2° Dose;20
DOLCINÓPOLIS;2° Dose;21
TRABIJU;2° Dose;23
BOM SUCESSO DE ITARARÉ;2° Dose;21
JUMIRIM;2° Dose;23
SANTA CLARA D'OESTE;2° Dose;23
ZACARIAS;2° Dose;26
URU;2° Dose;27
ASPÁSIA;2° Dose;20
PRACINHA;2° Dose;24
BENTO DE ABREU;2° Dose;26
SÃO JOÃO DAS DUAS PONTES;2° Dose;24
SANTA RITA D'OESTE;2° Dose;20
FERNÃO;2° Dose;31
LUCIANÓPOLIS;2° Dose;29
PLATINA;2° Dose;26
EMBAÚBA;2° Dose;28
ÓLEO;2° Dose;25
TEJUPÁ;2° Dose;31
TURIÚBA;2° Dose;24
CÁSSIA DOS COQUEIROS;2° Dose;23
ESTRELA DO NORTE;2° Dose;31
ESPÍRITO SANTO DO TURVO;2° Dose;32
SANTA CRUZ DA ESPERANÇA;2° Dose;31
NOVA LUZITÂNIA;2° Dose;20
ÁLVARO DE CARVALHO;2° Dose;34
NANTES;2° Dose;31
ARAPEÍ;2° Dose;31
NIPOÃ;2° Dose;30
BARRA DO CHAPÉU;2° Dose;31
RUBINÉIA;2° Dose;17
SUZANÁPOLIS;2° Dose;21
SÃO FRANCISCO;2° Dose;25
TAQUARIVAÍ;2° Dose;1
SÃO JOÃO DO PAU D'ALHO;2° Dose;22
ITAPIRAPUÃ PAULISTA;2° Dose;29
TAQUARAL;2° Dose;36
FLORA RICA;2° Dose;23
SÃO JOÃO DE IRACEMA;2° Dose;39
PARISI;2° Dose;32
RUBIÁCEA;2° Dose;30
SANTA SALETE;2° Dose;34
JOÃO RAMALHO;2° Dose;37
CANAS;2° Dose;29
ALVINLÂNDIA;2° Dose;32
JERIQUARA;2° Dose;31
EMILIANÓPOLIS;2° Dose;25
MARIÁPOLIS;2° Dose;26
MARABÁ PAULISTA;2° Dose;26
PARANAPUÃ;2° Dose;33
BALBINOS;2° Dose;41
GUZOLÂNDIA;2° Dose;26
LOURDES;2° Dose;30
JÚLIO MESQUITA;2° Dose;34
SANDOVALINA;2° Dose;34
CAIABU;2° Dose;27
MARINÓPOLIS;2° Dose;33
QUEIROZ;2° Dose;35
TIMBURI;2° Dose;34
CANITAR;2° Dose;32
ELISIÁRIO;2° Dose;27
LUPÉRCIO;2° Dose;26
MACEDÔNIA;2° Dose;37
MOTUCA;2° Dose;26
PEDRINHAS PAULISTA;2° Dose;37
MESÓPOLIS;2° Dose;40
CÂNDIDO RODRIGUES;2° Dose;31
COROADOS;2° Dose;31
ITAJU;2° Dose;34
MIRA ESTRELA;2° Dose;24
PRESIDENTE ALVES;2° Dose;27
PEDRANÓPOLIS;2° Dose;34
RIBEIRA;2° Dose;29
TURMALINA;2° Dose;36
OSCAR BRESSANE;2° Dose;49
ANHEMBI;2° Dose;11
CORUMBATAÍ;2° Dose;31
NOVA INDEPENDÊNCIA;2° Dose;43
SANTA MERCEDES;2° Dose;33
OCAUÇU;2° Dose;36
UBARANA;2° Dose;48
REDENÇÃO DA SERRA;2° Dose;37
TORRE DE PEDRA;2° Dose;39
SANTA ERNESTINA;2° Dose;34
LUIZIÂNIA;2° Dose;33
NOVAIS;2° Dose;55
FLORÍNEA;2° Dose;36
LUTÉCIA;2° Dose;38
AREIAS;2° Dose;44
CAMPOS NOVOS PAULISTA;2° Dose;35
RIVERSUL;2° Dose;19
ÁLVARES FLORENCE;2° Dose;42
ANALÂNDIA;2° Dose;34
ALTO ALEGRE;2° Dose;45
PONGAÍ;2° Dose;37
MONÇÕES;2° Dose;46
RIFAINA;2° Dose;34
BREJO ALEGRE;2° Dose;46
IPIGUÁ;2° Dose;37
GASTÃO VIDIGAL;2° Dose;38
PRATÂNIA;2° Dose;42
SÃO JOSÉ DO BARREIRO;2° Dose;47
ALAMBARI;2° Dose;34
MOMBUCA;2° Dose;40
BARÃO DE ANTONINA;2° Dose;32
SALMOURÃO;2° Dose;37
MAGDA;2° Dose;47
UBIRAJARA;2° Dose;35
GAVIÃO PEIXOTO;2° Dose;46
SANTO EXPEDITO;2° Dose;40
GLICÉRIO;2° Dose;40
SEBASTIANÓPOLIS DO SUL;2° Dose;49
LAVRINHAS;2° Dose;44
RIBEIRÃO DO SUL;2° Dose;33
MONTE CASTELO;2° Dose;28
SANTÓPOLIS DO AGUAPEÍ;2° Dose;43
CAMPINA DO MONTE ALEGRE;2° Dose;29
MONTEIRO LOBATO;2° Dose;58
RIBEIRÃO GRANDE;2° Dose;51
ONDA VERDE;2° Dose;25
ARAMINA;2° Dose;40
ITAPURA;2° Dose;45
MARAPOAMA;2° Dose;52
RIBEIRÃO CORRENTE;2° Dose;53
SARUTAIÁ;2° Dose;38
IPEÚNA;2° Dose;43
PARDINHO;2° Dose;28
SANTA LÚCIA;2° Dose;55
ANHUMAS;2° Dose;46
CABRÁLIA PAULISTA;2° Dose;53
FLOREAL;2° Dose;45
PLANALTO;2° Dose;50
MIRASSOLÂNDIA;2° Dose;45
IACRI;2° Dose;27
ITAOCA;2° Dose;28
BORACÉIA;2° Dose;45
INÚBIA PAULISTA;2° Dose;45
NARANDIBA;2° Dose;41
ALTAIR;2° Dose;54
ARANDU;2° Dose;38
RAFARD;2° Dose;70
RIBEIRÃO DOS ÍNDIOS;2° Dose;53
GUATAPARÁ;2° Dose;47
CORONEL MACEDO;2° Dose;53
ECHAPORÃ;2° Dose;85
MERIDIANO;2° Dose;51
PEDRA BELA;2° Dose;56
ESTIVA GERBI;2° Dose;38
DOBRADA;2° Dose;54
IARAS;2° Dose;52
PAULICÉIA;2° Dose;54
CLEMENTINA;2° Dose;46
NATIVIDADE DA SERRA;2° Dose;51
JAMBEIRO;2° Dose;47
PIACATU;2° Dose;49
SANTA MARIA DA SERRA;2° Dose;52
TUIUTI;2° Dose;53
MURUTINGA DO SUL;2° Dose;46
ORINDIÚVA;2° Dose;60
ADOLFO;2° Dose;68
ARCO-ÍRIS;2° Dose;26
CATIGUÁ;2° Dose;16
SARAPUÍ;2° Dose;62
LAVÍNIA;2° Dose;48
INDIAPORÃ;2° Dose;63
NOVA CAMPINA;2° Dose;61
SILVEIRAS;2° Dose;41
PEREIRAS;2° Dose;48
SÃO PEDRO DO TURVO;2° Dose;44
TACIBA;2° Dose;56
BURITIZAL;2° Dose;61
ORIENTE;2° Dose;59
TAPIRAÍ;2° Dose;45
SANTO ANTÔNIO DO JARDIM;2° Dose;52
ITIRAPUÃ;2° Dose;70
POPULINA;2° Dose;60
RESTINGA;2° Dose;63
ÁGUAS DE SANTA BÁRBARA;2° Dose;45
LAGOINHA;2° Dose;50
SALES;2° Dose;51
TRÊS FRONTEIRAS;2° Dose;52
CAIUÁ;2° Dose;75
SALTINHO;2° Dose;56
BOFETE;2° Dose;53
INDIANA;2° Dose;61
TARABAI;2° Dose;52
SÃO JOSÉ DA BELA VISTA;2° Dose;51
SANTA CRUZ DA CONCEIÇÃO;2° Dose;51
SANTO ANTÔNIO DO ARACANGUÁ;2° Dose;87
VISTA ALEGRE DO ALTO;2° Dose;70
DUMONT;2° Dose;65
POLONI;2° Dose;65
SÃO LOURENÇO DA SERRA;2° Dose;28
PIQUETE;2° Dose;28
IRAPURU;2° Dose;62
AMÉRICO DE CAMPOS;2° Dose;67
EUCLIDES DA CUNHA PAULISTA;2° Dose;34
GUARANTÃ;2° Dose;75
SANTO ANTÔNIO DO PINHAL;2° Dose;72
PIQUEROBI;2° Dose;67
ALFREDO MARCONDES;2° Dose;55
BARBOSA;2° Dose;62
APARECIDA D'OESTE;2° Dose;73
QUINTANA;2° Dose;65
GUAIMBÊ;2° Dose;77
PARAÍSO;2° Dose;73
REGINÓPOLIS;2° Dose;55
SANTO ANTÔNIO DA ALEGRIA;2° Dose;66
IRAPUÃ;2° Dose;58
QUELUZ;2° Dose;61
ÁGUAS DE SÃO PEDRO;2° Dose;64
LINDÓIA;2° Dose;70
COLÔMBIA;2° Dose;104
SETE BARRAS;2° Dose;40
SANTA ALBERTINA;2° Dose;60
RIOLÂNDIA;2° Dose;67
NOVA EUROPA;2° Dose;68
COSMORAMA;2° Dose;69
CRISTAIS PAULISTA;2° Dose;66
SALTO GRANDE;2° Dose;57
PALMARES PAULISTA;2° Dose;90
PEDRO DE TOLEDO;2° Dose;63
MANDURI;2° Dose;67
JABORANDI;2° Dose;86
VARGEM;2° Dose;77
NOVA ALIANÇA;2° Dose;72
GUAIÇARA;2° Dose;79
MONTE ALEGRE DO SUL;2° Dose;64
FERNANDO PRESTES;2° Dose;84
ILHA COMPRIDA;2° Dose;62
CRAVINHOS;2° Dose;30
ROSEIRA;2° Dose;83
TAIAÇU;2° Dose;89
IBIRAREMA;2° Dose;82
MENDONÇA;2° Dose;83
TAIÚVA;2° Dose;96
AREALVA;2° Dose;63
AVANHANDAVA;2° Dose;81
ÁGUAS DA PRATA;2° Dose;63
ITARIRI;2° Dose;68
PORANGABA;2° Dose;83
VALENTIM GENTIL;2° Dose;89
BRAÚNA;2° Dose;119
GUARAÇAÍ;2° Dose;43
HERCULÂNDIA;2° Dose;100
ICÉM;2° Dose;88
IPORANGA;2° Dose;35
MINEIROS DO TIETÊ;2° Dose;67
RINÓPOLIS;2° Dose;68
ITOBI;2° Dose;98
PRADÓPOLIS;2° Dose;84
TAGUAÍ;2° Dose;96
RIBEIRÃO BONITO;2° Dose;44
IGARATÁ;2° Dose;105
GETULINA;2° Dose;100
SÃO LUIZ DO PARAITINGA;2° Dose;84
DOURADO;2° Dose;93
CAPELA DO ALTO;2° Dose;92
CANANÉIA;2° Dose;46
IEPÊ;2° Dose;88
NUPORANGA;2° Dose;86
SUD MENNUCCI;2° Dose;78
CHARQUEADA;2° Dose;92
ELIAS FAUSTO;2° Dose;118
IBIRÁ;2° Dose;116
MACAUBAL;2° Dose;104
RINCÃO;2° Dose;98
ALUMÍNIO;2° Dose;118
TERRA ROXA;2° Dose;99
BOA ESPERANÇA DO SUL;2° Dose;119
LUÍS ANTÔNIO;2° Dose;122
BOCAINA;2° Dose;90
GÁLIA;2° Dose;103
JACUPIRANGA;2° Dose;94
ITAPUÍ;2° Dose;99
PINHALZINHO;2° Dose;95
PARAPUÃ;2° Dose;96
NAZARÉ PAULISTA;2° Dose;104
RIBEIRÃO BRANCO;2° Dose;120
BÁLSAMO;2° Dose;105
MORUNGABA;2° Dose;109
SERRA AZUL;2° Dose;112
IACANGA;2° Dose;123
URUPÊS;2° Dose;78
ARAÇARIGUAMA;2° Dose;99
GUAREÍ;2° Dose;122
JUQUIÁ;2° Dose;88
HOLAMBRA;2° Dose;113
VERA CRUZ;2° Dose;101
MARACAÍ;2° Dose;123
PALMEIRA D'OESTE;2° Dose;111
COLINA;2° Dose;72
GUARACI;2° Dose;127
PAULO DE FARIA;2° Dose;120
BANANAL;2° Dose;109
ESTRELA D'OESTE;2° Dose;117
SEVERÍNIA;2° Dose;86
BURI;2° Dose;131
ARIRANHA;2° Dose;119
GUAPIARA;2° Dose;103
SÃO BENTO DO SAPUCAÍ;2° Dose;123
BILAC;2° Dose;125
MIRACATU;2° Dose;71
TORRINHA;2° Dose;101
UCHOA;2° Dose;87
SALESÓPOLIS;2° Dose;118
PIRAPORA DO BOM JESUS;2° Dose;177
CAJATI;2° Dose;21
CAJOBI;2° Dose;128
OUROESTE;2° Dose;120
PIRANGI;2° Dose;121
AVAÍ;2° Dose;45
PALESTINA;2° Dose;74
CESÁRIO LANGE;2° Dose;117
OURO VERDE;2° Dose;71
SÃO SEBASTIÃO DA GRAMA;2° Dose;124
POTIM;2° Dose;82
IPAUSSU;2° Dose;123
ITATINGA;2° Dose;143
SANTA BRANCA;2° Dose;130
SALES OLIVEIRA;2° Dose;138
TABAPUÃ;2° Dose;70
FLÓRIDA PAULISTA;2° Dose;122
TAPIRATIBA;2° Dose;114
CAFELÂNDIA;2° Dose;61
CARDOSO;2° Dose;127
SÃO SIMÃO;2° Dose;154
BARRA DO TURVO;2° Dose;43
IPUÃ;2° Dose;126
ITABERÁ;2° Dose;118
PANORAMA;2° Dose;139
BOM JESUS DOS PERDÕES;2° Dose;142
ENGENHEIRO COELHO;2° Dose;146
VIRADOURO;2° Dose;102
BERNARDINO DE CAMPOS;2° Dose;108
AURIFLAMA;2° Dose;71
JOANÓPOLIS;2° Dose;142
IGARAÇU DO TIETÊ;2° Dose;143
JACI;2° Dose;179
NEVES PAULISTA;2° Dose;150
TABATINGA;2° Dose;141
URÂNIA;2° Dose;143
APIAÍ;2° Dose;105
PACAEMBU;2° Dose;116
QUATÁ;2° Dose;147
NHANDEARA;2° Dose;147
CUNHA;2° Dose;173
CONCHAS;2° Dose;144
ITIRAPINA;2° Dose;73
BIRITIBA MIRIM;2° Dose;156
PATROCÍNIO PAULISTA;2° Dose;146
BORBOREMA;2° Dose;170
ITAPORANGA;2° Dose;174
DUARTINA;2° Dose;135
IPERÓ;2° Dose;177
CEDRAL;2° Dose;122
BURITAMA;2° Dose;153
REGENTE FEIJÓ;2° Dose;143
PARAIBUNA;2° Dose;171
CORDEIRÓPOLIS;2° Dose;27
POTIRENDABA;2° Dose;151
SANTA GERTRUDES;2° Dose;104
ALTINÓPOLIS;2° Dose;125
ÁGUAS DE LINDÓIA;2° Dose;146
MACATUBA;2° Dose;166
ITAJOBI;2° Dose;160
ANGATUBA;2° Dose;150
PEDREGULHO;2° Dose;173
ITAÍ;2° Dose;162
CONCHAL;2° Dose;188
TAMBAÚ;2° Dose;200
GENERAL SALGADO;2° Dose;194
CERQUEIRA CÉSAR;2° Dose;169
FARTURA;2° Dose;171
JARINU;2° Dose;8
IRACEMÁPOLIS;2° Dose;151
BASTOS;2° Dose;173
NOVA GRANADA;2° Dose;156
BRODOWSKI;2° Dose;66
SANTA ADÉLIA;2° Dose;205
GUAPIAÇU;2° Dose;205
BARRINHA;2° Dose;220
BROTAS;2° Dose;151
ÁLVARES MACHADO;2° Dose;153
PARANAPANEMA;2° Dose;219
TEODORO SAMPAIO;2° Dose;193
CACONDE;2° Dose;189
DIVINOLÂNDIA;2° Dose;218
MONTE AZUL PAULISTA;2° Dose;170
PIRACAIA;2° Dose;158
CABREÚVA;2° Dose;5
ROSANA;2° Dose;221
IBATÉ;2° Dose;229
PINDORAMA;2° Dose;221
MIRANTE DO PARANAPANEMA;2° Dose;201
IGUAPE;2° Dose;104
RIO DAS PEDRAS;2° Dose;173
SANTA ROSA DE VITERBO;2° Dose;217
PIRAJUÍ;2° Dose;1
MARTINÓPOLIS;2° Dose;173
IBIÚNA;2° Dose;1
SANTO ANTÔNIO DE POSSE;2° Dose;222
IGARAPAVA;2° Dose;180
PILAR DO SUL;2° Dose;186
PIRATININGA;2° Dose;238
LUCÉLIA;2° Dose;258
AGUAÍ;2° Dose;251
GUARIBA;2° Dose;261
ARAÇOIABA DA SERRA;2° Dose;185
SÃO MIGUEL ARCANJO;2° Dose;232
PALMITAL;2° Dose;275
JUQUITIBA;2° Dose;284
CASTILHO;2° Dose;266
RIO GRANDE DA SERRA;2° Dose;153
MONTE APRAZÍVEL;2° Dose;163
SANTO ANASTÁCIO;2° Dose;217
GUARÁ;2° Dose;255
PIRAPOZINHO;2° Dose;217
CÂNDIDO MOTA;2° Dose;210
CAJURU;2° Dose;201
JAGUARIÚNA;2° Dose;33
VALPARAÍSO;2° Dose;341
MIGUELÓPOLIS;2° Dose;312
PIEDADE;2° Dose;2
DOIS CÓRREGOS;2° Dose;179
JUNQUEIRÓPOLIS;2° Dose;237
MONGAGUÁ;2° Dose;52
PEREIRA BARRETO;2° Dose;256
PRESIDENTE BERNARDES;2° Dose;243
GUARAREMA;2° Dose;276
TAQUARITUBA;2° Dose;291
PONTAL;2° Dose;209
SANTA CRUZ DAS PALMEIRAS;2° Dose;230
GUARARAPES;2° Dose;224
ITARARÉ;2° Dose;47
SÃO PEDRO;2° Dose;206
TUPI PAULISTA;2° Dose;268
SERRA NEGRA;2° Dose;239
ORLÂNDIA;2° Dose;176
CERQUILHO;2° Dose;261
LARANJAL PAULISTA;2° Dose;244
JARDINÓPOLIS;2° Dose;285
POMPÉIA;2° Dose;275
ELDORADO;2° Dose;26
CAPIVARI;2° Dose;1
VARGEM GRANDE PAULISTA;2° Dose;85
RANCHARIA;2° Dose;220
SANTA RITA DO PASSA QUATRO;2° Dose;22
PITANGUEIRAS;2° Dose;305
TANABI;2° Dose;302
CAPÃO BONITO;2° Dose;307
SÃO MANUEL;2° Dose;289
ITUPEVA;2° Dose;414
ARUJÁ;2° Dose;270
SERRANA;2° Dose;208
CACHOEIRA PAULISTA;2° Dose;290
GUAÍRA;2° Dose;275
NOVA ODESSA;2° Dose;242
JOSÉ BONIFÁCIO;2° Dose;357
MORRO AGUDO;2° Dose;420
LOUVEIRA;2° Dose;404
SALTO DE PIRAPORA;2° Dose;314
ILHA SOLTEIRA;2° Dose;352
PARIQUERA-AÇU;2° Dose;215
PIRAJU;2° Dose;338
BOITUVA;2° Dose;321
PRESIDENTE EPITÁCIO;2° Dose;377
PARAGUAÇU PAULISTA;2° Dose;336
PEDERNEIRAS;2° Dose;320
MIRANDÓPOLIS;2° Dose;439
CASA BRANCA;2° Dose;330
MAIRINQUE;2° Dose;360
ILHABELA;2° Dose;398
COSMÓPOLIS;2° Dose;367
SOCORRO;2° Dose;410
BARIRI;2° Dose;366
CAJAMAR;2° Dose;452
AMÉRICO BRASILIENSE;2° Dose;325
ARTUR NOGUEIRA;2° Dose;425
SANTA ISABEL;2° Dose;339
JANDIRA;2° Dose;551
TIETÊ;2° Dose;398
ITUVERAVA;2° Dose;155
PROMISSÃO;2° Dose;400
PORTO FERREIRA;2° Dose;354
DESCALVADO;2° Dose;380
OSVALDO CRUZ;2° Dose;403
BERTIOGA;2° Dose;496
VARGEM GRANDE DO SUL;2° Dose;558
PERUÍBE;2° Dose;209
SÃO JOSÉ DO RIO PARDO;2° Dose;75
NOVO HORIZONTE;2° Dose;454
PORTO FELIZ;2° Dose;420
BARRA BONITA;2° Dose;466
EMBU-GUAÇU;2° Dose;366
ITÁPOLIS;2° Dose;434
PEDREIRA;2° Dose;517
SANTA FÉ DO SUL;2° Dose;508
CAMPOS DO JORDÃO;2° Dose;549
SANTA CRUZ DO RIO PARDO;2° Dose;455
MONTE ALTO;2° Dose;395
BATATAIS;2° Dose;339
GARÇA;2° Dose;503
OLÍMPIA;2° Dose;468
AGUDOS;2° Dose;532
PRESIDENTE VENCESLAU;2° Dose;618
ADAMANTINA;2° Dose;543
REGISTRO;2° Dose;295
CAMPO LIMPO PAULISTA;2° Dose;620
LENÇÓIS PAULISTA;2° Dose;541
ESPÍRITO SANTO DO PINHAL;2° Dose;560
MIRASSOL;2° Dose;569
VÁRZEA PAULISTA;2° Dose;647
SÃO SEBASTIÃO;2° Dose;279
CRUZEIRO;2° Dose;514
ANDRADINA;2° Dose;27
VINHEDO;2° Dose;409
TREMEMBÉ;2° Dose;527
MAIRIPORÃ;2° Dose;670
IBITINGA;2° Dose;643
SÃO ROQUE;2° Dose;618
SÃO JOAQUIM DA BARRA;2° Dose;536
BIRIGUI;2° Dose;363
JABOTICABAL;2° Dose;520
UBATUBA;2° Dose;464
CUBATÃO;2° Dose;128
CAIEIRAS;2° Dose;668
FRANCISCO MORATO;2° Dose;730
PAULÍNIA;2° Dose;648
PENÁPOLIS;2° Dose;697
DRACENA;2° Dose;700
JALES;2° Dose;629
PIRASSUNUNGA;2° Dose;554
MATÃO;2° Dose;761
POÁ;2° Dose;690
ITAPIRA;2° Dose;722
AMPARO;2° Dose;673
LORENA;2° Dose;745
SALTO;2° Dose;497
CAÇAPAVA;2° Dose;776
SÃO JOSÉ DOS CAMPOS;2° Dose;18
TAQUARITINGA;2° Dose;933
BEBEDOURO;2° Dose;378
VOTORANTIM;2° Dose;822
MOCOCA;2° Dose;954
HORTOLÂNDIA;2° Dose;365
ITAPEVA;2° Dose;943
ITANHAÉM;2° Dose;827
LEME;2° Dose;1010
SANTANA DE PARNAÍBA;2° Dose;1000
ITAPEVI;2° Dose;1032
CARAGUATATUBA;2° Dose;772
FERRAZ DE VASCONCELOS;2° Dose;612
TUPÃ;2° Dose;1083
ITAPECERICA DA SERRA;2° Dose;580
MOGI MIRIM;2° Dose;1069
LINS;2° Dose;811
ITATIBA;2° Dose;1248
AVARÉ;2° Dose;1220
SERTÃOZINHO;2° Dose;855
VALINHOS;2° Dose;1397
OURINHOS;2° Dose;1160
FERNANDÓPOLIS;2° Dose;1153
GUARATINGUETÁ;2° Dose;647
EMBU DAS ARTES;2° Dose;973
SANTA BÁRBARA D'OESTE;2° Dose;1106
RIBEIRÃO PIRES;2° Dose;1290
ITAQUAQUECETUBA;2° Dose;879
TATUÍ;2° Dose;1361
FRANCO DA ROCHA;2° Dose;1450
ASSIS;2° Dose;1317
MOGI GUAÇU;2° Dose;1339
PRAIA GRANDE;2° Dose;193
ARARAS;2° Dose;1224
COTIA;2° Dose;846
PINDAMONHANGABA;2° Dose;1700
ITU;2° Dose;1296
SÃO JOÃO DA BOA VISTA;2° Dose;1529
CARAPICUÍBA;2° Dose;1028
VOTUPORANGA;2° Dose;1916
LIMEIRA;2° Dose;109
ATIBAIA;2° Dose;1653
ITAPETININGA;2° Dose;1614
BRAGANÇA PAULISTA;2° Dose;2053
SÃO VICENTE;2° Dose;1349
SUMARÉ;2° Dose;1240
GUARUJÁ;2° Dose;1176
JAÚ;2° Dose;712
JACAREÍ;2° Dose;1839
AMERICANA;2° Dose;1053
BARRETOS;2° Dose;1949
TABOÃO DA SERRA;2° Dose;1606
CATANDUVA;2° Dose;2286
INDAIATUBA;2° Dose;2313
SUZANO;2° Dose;1996
RIO CLARO;2° Dose;1186
FRANCA;2° Dose;2690
ARAÇATUBA;2° Dose;1995
BARUERI;2° Dose;2917
MAUÁ;2° Dose;2604
BOTUCATU;2° Dose;4145
DIADEMA;2° Dose;2839
SÃO CARLOS;2° Dose;2811
PRESIDENTE PRUDENTE;2° Dose;1354
TAUBATÉ;2° Dose;2921
PIRACICABA;2° Dose;2130
MOGI DAS CRUZES;2° Dose;2445
MARÍLIA;2° Dose;2908
ARARAQUARA;2° Dose;3151
JUNDIAÍ;2° Dose;2701
SOROCABA;2° Dose;2761
OSASCO;2° Dose;2330
SÃO CAETANO DO SUL;2° Dose;3905
BAURU;2° Dose;3129
SÃO JOSÉ DO RIO PRETO;2° Dose;8757
SANTO ANDRÉ;2° Dose;6035
SANTOS;2° Dose;5996
RIBEIRÃO PRETO;2° Dose;8514
GUARULHOS;2° Dose;5884
SÃO BERNARDO DO CAMPO;2° Dose;10157
CAMPINAS;2° Dose;16463
SÃO PAULO;2° Dose;117443
NOVA CASTILHO;1° Dose;52
BORÁ;1° Dose;60
SANTANA DA PONTE PENSA;1° Dose;72
GABRIEL MONTEIRO;1° Dose;68
SAGRES;1° Dose;77
GUARANI D'OESTE;1° Dose;78
NOVA CANAÃ PAULISTA;1° Dose;78
CRUZÁLIA;1° Dose;74
VITÓRIA BRASIL;1° Dose;74
PAULISTÂNIA;1° Dose;76
PONTALINDA;1° Dose;77
QUADRA;1° Dose;74
BOREBI;1° Dose;66
NOVA GUATAPORANGA;1° Dose;81
UNIÃO PAULISTA;1° Dose;81
DIRCE REIS;1° Dose;80
PONTES GESTAL;1° Dose;85
DOLCINÓPOLIS;1° Dose;85
TRABIJU;1° Dose;84
BOM SUCESSO DE ITARARÉ;1° Dose;87
JUMIRIM;1° Dose;87
SANTA CLARA D'OESTE;1° Dose;88
ZACARIAS;1° Dose;85
URU;1° Dose;85
ASPÁSIA;1° Dose;93
PRACINHA;1° Dose;93
BENTO DE ABREU;1° Dose;93
SÃO JOÃO DAS DUAS PONTES;1° Dose;95
SANTA RITA D'OESTE;1° Dose;100
FERNÃO;1° Dose;91
LUCIANÓPOLIS;1° Dose;95
PLATINA;1° Dose;98
EMBAÚBA;1° Dose;98
ÓLEO;1° Dose;102
TEJUPÁ;1° Dose;96
TURIÚBA;1° Dose;103
CÁSSIA DOS COQUEIROS;1° Dose;106
ESTRELA DO NORTE;1° Dose;98
ESPÍRITO SANTO DO TURVO;1° Dose;98
SANTA CRUZ DA ESPERANÇA;1° Dose;99
NOVA LUZITÂNIA;1° Dose;111
ÁLVARO DE CARVALHO;1° Dose;98
NANTES;1° Dose;101
ARAPEÍ;1° Dose;102
NIPOÃ;1° Dose;103
BARRA DO CHAPÉU;1° Dose;103
RUBINÉIA;1° Dose;117
SUZANÁPOLIS;1° Dose;114
SÃO FRANCISCO;1° Dose;111
TAQUARIVAÍ;1° Dose;138
SÃO JOÃO DO PAU D'ALHO;1° Dose;118
ITAPIRAPUÃ PAULISTA;1° Dose;113
TAQUARAL;1° Dose;106
FLORA RICA;1° Dose;120
SÃO JOÃO DE IRACEMA;1° Dose;104
PARISI;1° Dose;112
RUBIÁCEA;1° Dose;116
SANTA SALETE;1° Dose;112
JOÃO RAMALHO;1° Dose;111
CANAS;1° Dose;120
ALVINLÂNDIA;1° Dose;119
JERIQUARA;1° Dose;120
EMILIANÓPOLIS;1° Dose;127
MARIÁPOLIS;1° Dose;126
MARABÁ PAULISTA;1° Dose;128
PARANAPUÃ;1° Dose;121
SABINO;1° Dose;154
BALBINOS;1° Dose;116
GUZOLÂNDIA;1° Dose;132
LOURDES;1° Dose;128
JÚLIO MESQUITA;1° Dose;125
SANDOVALINA;1° Dose;125
CAIABU;1° Dose;133
MARINÓPOLIS;1° Dose;127
QUEIROZ;1° Dose;125
TIMBURI;1° Dose;127
CANITAR;1° Dose;131
ELISIÁRIO;1° Dose;136
LUPÉRCIO;1° Dose;138
MACEDÔNIA;1° Dose;127
MOTUCA;1° Dose;138
PEDRINHAS PAULISTA;1° Dose;127
MESÓPOLIS;1° Dose;126
CÂNDIDO RODRIGUES;1° Dose;136
COROADOS;1° Dose;136
ITAJU;1° Dose;133
MIRA ESTRELA;1° Dose;143
PRESIDENTE ALVES;1° Dose;140
PEDRANÓPOLIS;1° Dose;134
RIBEIRA;1° Dose;139
TURMALINA;1° Dose;133
OSCAR BRESSANE;1° Dose;123
ANHEMBI;1° Dose;163
CORUMBATAÍ;1° Dose;143
NOVA INDEPENDÊNCIA;1° Dose;132
SANTA MERCEDES;1° Dose;143
OCAUÇU;1° Dose;141
UBARANA;1° Dose;129
REDENÇÃO DA SERRA;1° Dose;141
TORRE DE PEDRA;1° Dose;141
SANTA ERNESTINA;1° Dose;147
LUIZIÂNIA;1° Dose;149
NOVAIS;1° Dose;128
FLORÍNEA;1° Dose;149
LUTÉCIA;1° Dose;149
AREIAS;1° Dose;144
CAMPOS NOVOS PAULISTA;1° Dose;153
RIVERSUL;1° Dose;169
ÁLVARES FLORENCE;1° Dose;147
ANALÂNDIA;1° Dose;155
ALTO ALEGRE;1° Dose;145
PONGAÍ;1° Dose;153
MONÇÕES;1° Dose;145
RIFAINA;1° Dose;157
BREJO ALEGRE;1° Dose;146
IPIGUÁ;1° Dose;155
GASTÃO VIDIGAL;1° Dose;155
PRATÂNIA;1° Dose;151
SÃO JOSÉ DO BARREIRO;1° Dose;147
ALAMBARI;1° Dose;162
MOMBUCA;1° Dose;159
BARÃO DE ANTONINA;1° Dose;168
SALMOURÃO;1° Dose;164
MAGDA;1° Dose;157
UBIRAJARA;1° Dose;169
GAVIÃO PEIXOTO;1° Dose;160
SANTO EXPEDITO;1° Dose;166
GLICÉRIO;1° Dose;167
SEBASTIANÓPOLIS DO SUL;1° Dose;158
LAVRINHAS;1° Dose;164
RIBEIRÃO DO SUL;1° Dose;176
MONTE CASTELO;1° Dose;182
SANTÓPOLIS DO AGUAPEÍ;1° Dose;167
CAMPINA DO MONTE ALEGRE;1° Dose;182
MONTEIRO LOBATO;1° Dose;153
RIBEIRÃO GRANDE;1° Dose;160
ONDA VERDE;1° Dose;187
ARAMINA;1° Dose;173
ITAPURA;1° Dose;168
MARAPOAMA;1° Dose;161
RIBEIRÃO CORRENTE;1° Dose;160
SARUTAIÁ;1° Dose;175
IPEÚNA;1° Dose;171
PARDINHO;1° Dose;186
SANTA LÚCIA;1° Dose;159
ANHUMAS;1° Dose;171
CABRÁLIA PAULISTA;1° Dose;164
FLOREAL;1° Dose;173
PLANALTO;1° Dose;168
MIRASSOLÂNDIA;1° Dose;175
IACRI;1° Dose;194
ITAOCA;1° Dose;193
AREIÓPOLIS;1° Dose;222
BORACÉIA;1° Dose;181
INÚBIA PAULISTA;1° Dose;181
NARANDIBA;1° Dose;189
ALTAIR;1° Dose;177
CHAVANTES;1° Dose;233
ARANDU;1° Dose;196
RAFARD;1° Dose;166
RIBEIRÃO DOS ÍNDIOS;1° Dose;183
GUATAPARÁ;1° Dose;190
CORONEL MACEDO;1° Dose;185
ECHAPORÃ;1° Dose;153
MERIDIANO;1° Dose;187
PEDRA BELA;1° Dose;183
ESTIVA GERBI;1° Dose;206
DOBRADA;1° Dose;191
IARAS;1° Dose;193
PAULICÉIA;1° Dose;191
CLEMENTINA;1° Dose;203
NATIVIDADE DA SERRA;1° Dose;199
JAMBEIRO;1° Dose;205
PIACATU;1° Dose;203
SANTA MARIA DA SERRA;1° Dose;200
TUIUTI;1° Dose;199
MURUTINGA DO SUL;1° Dose;208
ORINDIÚVA;1° Dose;194
ADOLFO;1° Dose;191
ARCO-ÍRIS;1° Dose;233
CATIGUÁ;1° Dose;245
SARAPUÍ;1° Dose;200
LAVÍNIA;1° Dose;215
INDIAPORÃ;1° Dose;201
NOVA CAMPINA;1° Dose;204
SILVEIRAS;1° Dose;226
PEREIRAS;1° Dose;220
SÃO PEDRO DO TURVO;1° Dose;227
TACIBA;1° Dose;215
BURITIZAL;1° Dose;214
ORIENTE;1° Dose;217
TAPIRAÍ;1° Dose;232
SANTO ANTÔNIO DO JARDIM;1° Dose;226
ITIRAPUÃ;1° Dose;209
POPULINA;1° Dose;220
RESTINGA;1° Dose;217
ÁGUAS DE SANTA BÁRBARA;1° Dose;236
LAGOINHA;1° Dose;231
SALES;1° Dose;231
TRÊS FRONTEIRAS;1° Dose;230
CAIUÁ;1° Dose;219
SALTINHO;1° Dose;238
BOFETE;1° Dose;242
INDIANA;1° Dose;235
TARABAI;1° Dose;245
SÃO JOSÉ DA BELA VISTA;1° Dose;249
SANTA CRUZ DA CONCEIÇÃO;1° Dose;253
SANTO ANTÔNIO DO ARACANGUÁ;1° Dose;219
VISTA ALEGRE DO ALTO;1° Dose;237
DUMONT;1° Dose;243
POLONI;1° Dose;243
SÃO LOURENÇO DA SERRA;1° Dose;280
PIQUETE;1° Dose;281
TARUMÃ;1° Dose;309
IRAPURU;1° Dose;252
AMÉRICO DE CAMPOS;1° Dose;250
EUCLIDES DA CUNHA PAULISTA;1° Dose;283
GUARANTÃ;1° Dose;242
SANTO ANTÔNIO DO PINHAL;1° Dose;245
PIQUEROBI;1° Dose;255
ALFREDO MARCONDES;1° Dose;268
BARBOSA;1° Dose;261
APARECIDA D'OESTE;1° Dose;253
QUINTANA;1° Dose;261
GUAIMBÊ;1° Dose;252
PARAÍSO;1° Dose;256
REGINÓPOLIS;1° Dose;274
SANTO ANTÔNIO DA ALEGRIA;1° Dose;264
IRAPUÃ;1° Dose;275
QUELUZ;1° Dose;273
ÁGUAS DE SÃO PEDRO;1° Dose;271
LINDÓIA;1° Dose;266
COLÔMBIA;1° Dose;242
SETE BARRAS;1° Dose;307
SANTA ALBERTINA;1° Dose;289
RIOLÂNDIA;1° Dose;283
NOVA EUROPA;1° Dose;283
COSMORAMA;1° Dose;285
CRISTAIS PAULISTA;1° Dose;288
SALTO GRANDE;1° Dose;297
PALMARES PAULISTA;1° Dose;266
PEDRO DE TOLEDO;1° Dose;293
MANDURI;1° Dose;290
JABORANDI;1° Dose;272
VARGEM;1° Dose;285
NOVA ALIANÇA;1° Dose;292
GUAIÇARA;1° Dose;286
MONTE ALEGRE DO SUL;1° Dose;302
FERNANDO PRESTES;1° Dose;284
ILHA COMPRIDA;1° Dose;323
CRAVINHOS;1° Dose;357
ROSEIRA;1° Dose;304
TAIAÇU;1° Dose;302
IBIRAREMA;1° Dose;310
MENDONÇA;1° Dose;309
TAIÚVA;1° Dose;296
AREALVA;1° Dose;332
AVANHANDAVA;1° Dose;319
ÁGUAS DA PRATA;1° Dose;340
ITARIRI;1° Dose;336
PORANGABA;1° Dose;321
VALENTIM GENTIL;1° Dose;318
BRAÚNA;1° Dose;289
GUARAÇAÍ;1° Dose;365
HERCULÂNDIA;1° Dose;313
ICÉM;1° Dose;325
IPORANGA;1° Dose;378
MINEIROS DO TIETÊ;1° Dose;347
RINÓPOLIS;1° Dose;346
ITOBI;1° Dose;321
PRADÓPOLIS;1° Dose;347
TAGUAÍ;1° Dose;336
RIBEIRÃO BONITO;1° Dose;404
IGARATÁ;1° Dose;345
GETULINA;1° Dose;352
SÃO LUIZ DO PARAITINGA;1° Dose;369
DOURADO;1° Dose;366
CAPELA DO ALTO;1° Dose;368
CANANÉIA;1° Dose;424
IEPÊ;1° Dose;382
NUPORANGA;1° Dose;384
SUD MENNUCCI;1° Dose;392
CHARQUEADA;1° Dose;379
ELIAS FAUSTO;1° Dose;372
IBIRÁ;1° Dose;377
MACAUBAL;1° Dose;389
RINCÃO;1° Dose;399
ALUMÍNIO;1° Dose;386
TERRA ROXA;1° Dose;407
BOA ESPERANÇA DO SUL;1° Dose;389
LUÍS ANTÔNIO;1° Dose;386
BOCAINA;1° Dose;421
GÁLIA;1° Dose;408
JACUPIRANGA;1° Dose;417
ITAPUÍ;1° Dose;413
PINHALZINHO;1° Dose;417
PARAPUÃ;1° Dose;417
NAZARÉ PAULISTA;1° Dose;411
RIBEIRÃO BRANCO;1° Dose;395
BÁLSAMO;1° Dose;414
MORUNGABA;1° Dose;414
SERRA AZUL;1° Dose;411
IACANGA;1° Dose;401
URUPÊS;1° Dose;446
ARAÇARIGUAMA;1° Dose;426
GUAREÍ;1° Dose;403
JUQUIÁ;1° Dose;438
HOLAMBRA;1° Dose;417
VERA CRUZ;1° Dose;432
MARACAÍ;1° Dose;411
PALMEIRA D'OESTE;1° Dose;424
COLINA;1° Dose;469
GUARACI;1° Dose;414
PAULO DE FARIA;1° Dose;422
BANANAL;1° Dose;436
ESTRELA D'OESTE;1° Dose;428
SEVERÍNIA;1° Dose;462
BURI;1° Dose;418
ARIRANHA;1° Dose;434
GUAPIARA;1° Dose;452
SÃO BENTO DO SAPUCAÍ;1° Dose;432
BILAC;1° Dose;432
MIRACATU;1° Dose;489
TORRINHA;1° Dose;462
UCHOA;1° Dose;477
SALESÓPOLIS;1° Dose;448
PIRAPORA DO BOM JESUS;1° Dose;390
CAJATI;1° Dose;550
CAJOBI;1° Dose;446
OUROESTE;1° Dose;462
PIRANGI;1° Dose;467
AVAÍ;1° Dose;547
PALESTINA;1° Dose;518
CESÁRIO LANGE;1° Dose;481
OURO VERDE;1° Dose;528
SÃO SEBASTIÃO DA GRAMA;1° Dose;475
POTIM;1° Dose;519
IPAUSSU;1° Dose;479
ITATINGA;1° Dose;459
SANTA BRANCA;1° Dose;473
SALES OLIVEIRA;1° Dose;467
TABAPUÃ;1° Dose;535
FLÓRIDA PAULISTA;1° Dose;485
TAPIRATIBA;1° Dose;494
CAFELÂNDIA;1° Dose;556
CARDOSO;1° Dose;495
SÃO SIMÃO;1° Dose;469
BARRA DO TURVO;1° Dose;581
IPUÃ;1° Dose;501
ITABERÁ;1° Dose;511
PANORAMA;1° Dose;494
BOM JESUS DOS PERDÕES;1° Dose;494
ENGENHEIRO COELHO;1° Dose;491
VIRADOURO;1° Dose;536
BERNARDINO DE CAMPOS;1° Dose;536
AURIFLAMA;1° Dose;581
APARECIDA;1° Dose;660
JOANÓPOLIS;1° Dose;526
IGARAÇU DO TIETÊ;1° Dose;534
JACI;1° Dose;500
NEVES PAULISTA;1° Dose;533
TABATINGA;1° Dose;542
URÂNIA;1° Dose;547
APIAÍ;1° Dose;586
PACAEMBU;1° Dose;575
QUATÁ;1° Dose;546
NHANDEARA;1° Dose;557
CUNHA;1° Dose;532
CONCHAS;1° Dose;564
ITIRAPINA;1° Dose;637
BIRITIBA MIRIM;1° Dose;557
PATROCÍNIO PAULISTA;1° Dose;573
BORBOREMA;1° Dose;554
ITAPORANGA;1° Dose;559
DUARTINA;1° Dose;599
IPERÓ;1° Dose;559
CEDRAL;1° Dose;616
BURITAMA;1° Dose;606
REGENTE FEIJÓ;1° Dose;618
PARAIBUNA;1° Dose;592
CORDEIRÓPOLIS;1° Dose;737
POTIRENDABA;1° Dose;614
SANTA GERTRUDES;1° Dose;675
ALTINÓPOLIS;1° Dose;657
BADY BASSITT;1° Dose;805
ÁGUAS DE LINDÓIA;1° Dose;664
MACATUBA;1° Dose;644
ITAJOBI;1° Dose;658
ANGATUBA;1° Dose;669
PEDREGULHO;1° Dose;647
ITAÍ;1° Dose;670
CONCHAL;1° Dose;655
TAMBAÚ;1° Dose;650
GENERAL SALGADO;1° Dose;664
CERQUEIRA CÉSAR;1° Dose;691
FARTURA;1° Dose;693
JARINU;1° Dose;857
IRACEMÁPOLIS;1° Dose;716
BASTOS;1° Dose;699
NOVA GRANADA;1° Dose;722
BRODOWSKI;1° Dose;815
SANTA ADÉLIA;1° Dose;685
GUAPIAÇU;1° Dose;687
BARRINHA;1° Dose;675
MONTE MOR;1° Dose;895
BROTAS;1° Dose;752
ÁLVARES MACHADO;1° Dose;761
PARANAPANEMA;1° Dose;696
TEODORO SAMPAIO;1° Dose;723
CACONDE;1° Dose;739
DIVINOLÂNDIA;1° Dose;713
MONTE AZUL PAULISTA;1° Dose;766
PIRACAIA;1° Dose;788
CABREÚVA;1° Dose;945
ROSANA;1° Dose;739
IBATÉ;1° Dose;744
PINDORAMA;1° Dose;782
MIRANTE DO PARANAPANEMA;1° Dose;804
IGUAPE;1° Dose;902
RIO DAS PEDRAS;1° Dose;834
SANTA ROSA DE VITERBO;1° Dose;790
PIRAJUÍ;1° Dose;1013
MARTINÓPOLIS;1° Dose;869
IBIÚNA;1° Dose;1060
SANTO ANTÔNIO DE POSSE;1° Dose;855
IGARAPAVA;1° Dose;898
PILAR DO SUL;1° Dose;898
PIRATININGA;1° Dose;849
LUCÉLIA;1° Dose;841
AGUAÍ;1° Dose;862
GUARIBA;1° Dose;860
ARAÇOIABA DA SERRA;1° Dose;937
SÃO MIGUEL ARCANJO;1° Dose;891
PALMITAL;1° Dose;849
JUQUITIBA;1° Dose;853
CASTILHO;1° Dose;885
RIO GRANDE DA SERRA;1° Dose;1002
MONTE APRAZÍVEL;1° Dose;995
SANTO ANASTÁCIO;1° Dose;943
GUARÁ;1° Dose;909
PIRAPOZINHO;1° Dose;947
CÂNDIDO MOTA;1° Dose;955
CAJURU;1° Dose;970
JAGUARIÚNA;1° Dose;1144
VALPARAÍSO;1° Dose;838
MIGUELÓPOLIS;1° Dose;869
PIEDADE;1° Dose;1189
DOIS CÓRREGOS;1° Dose;1021
JUNQUEIRÓPOLIS;1° Dose;965
MONGAGUÁ;1° Dose;1155
PEREIRA BARRETO;1° Dose;960
PRESIDENTE BERNARDES;1° Dose;975
GUARAREMA;1° Dose;947
TAQUARITUBA;1° Dose;973
PONTAL;1° Dose;1063
SANTA CRUZ DAS PALMEIRAS;1° Dose;1050
GUARARAPES;1° Dose;1066
ITARARÉ;1° Dose;1245
SÃO PEDRO;1° Dose;1092
TUPI PAULISTA;1° Dose;1046
SERRA NEGRA;1° Dose;1081
ORLÂNDIA;1° Dose;1145
CERQUILHO;1° Dose;1061
LARANJAL PAULISTA;1° Dose;1092
JARDINÓPOLIS;1° Dose;1061
POMPÉIA;1° Dose;1107
ELDORADO;1° Dose;1360
CAPIVARI;1° Dose;1415
VARGEM GRANDE PAULISTA;1° Dose;1369
RANCHARIA;1° Dose;1235
SANTA RITA DO PASSA QUATRO;1° Dose;1433
PITANGUEIRAS;1° Dose;1152
TANABI;1° Dose;1171
CAPÃO BONITO;1° Dose;1180
SÃO MANUEL;1° Dose;1243
ITUPEVA;1° Dose;1133
ARUJÁ;1° Dose;1288
SERRANA;1° Dose;1364
CACHOEIRA PAULISTA;1° Dose;1289
GUAÍRA;1° Dose;1313
NOVA ODESSA;1° Dose;1367
JOSÉ BONIFÁCIO;1° Dose;1256
MORRO AGUDO;1° Dose;1205
LOUVEIRA;1° Dose;1227
SALTO DE PIRAPORA;1° Dose;1324
ILHA SOLTEIRA;1° Dose;1297
PARIQUERA-AÇU;1° Dose;1449
PIRAJU;1° Dose;1343
BOITUVA;1° Dose;1374
PRESIDENTE EPITÁCIO;1° Dose;1369
PARAGUAÇU PAULISTA;1° Dose;1422
PEDERNEIRAS;1° Dose;1445
MIRANDÓPOLIS;1° Dose;1329
CASA BRANCA;1° Dose;1444
MAIRINQUE;1° Dose;1417
ILHABELA;1° Dose;1381
COSMÓPOLIS;1° Dose;1426
SOCORRO;1° Dose;1403
BARIRI;1° Dose;1454
CAJAMAR;1° Dose;1401
AMÉRICO BRASILIENSE;1° Dose;1548
ARTUR NOGUEIRA;1° Dose;1450
SANTA ISABEL;1° Dose;1557
JANDIRA;1° Dose;1347
TIETÊ;1° Dose;1522
ITUVERAVA;1° Dose;1774
PROMISSÃO;1° Dose;1532
PORTO FERREIRA;1° Dose;1580
DESCALVADO;1° Dose;1562
OSVALDO CRUZ;1° Dose;1563
BERTIOGA;1° Dose;1536
VARGEM GRANDE DO SUL;1° Dose;1481
PERUÍBE;1° Dose;1883
SÃO JOSÉ DO RIO PARDO;1° Dose;2032
NOVO HORIZONTE;1° Dose;1662
PORTO FELIZ;1° Dose;1708
BARRA BONITA;1° Dose;1679
EMBU-GUAÇU;1° Dose;1792
ITÁPOLIS;1° Dose;1787
PEDREIRA;1° Dose;1748
SANTA FÉ DO SUL;1° Dose;1878
CAMPOS DO JORDÃO;1° Dose;1863
SANTA CRUZ DO RIO PARDO;1° Dose;1961
MONTE ALTO;1° Dose;2051
BATATAIS;1° Dose;2126
GARÇA;1° Dose;1986
OLÍMPIA;1° Dose;2100
AGUDOS;1° Dose;2055
PRESIDENTE VENCESLAU;1° Dose;1992
ADAMANTINA;1° Dose;2068
REGISTRO;1° Dose;2347
CAMPO LIMPO PAULISTA;1° Dose;2024
LENÇÓIS PAULISTA;1° Dose;2160
ESPÍRITO SANTO DO PINHAL;1° Dose;2167
MIRASSOL;1° Dose;2198
VÁRZEA PAULISTA;1° Dose;2138
SÃO SEBASTIÃO;1° Dose;2508
CRUZEIRO;1° Dose;2310
ANDRADINA;1° Dose;2865
VINHEDO;1° Dose;2494
TREMEMBÉ;1° Dose;2397
MAIRIPORÃ;1° Dose;2392
IBITINGA;1° Dose;2429
SÃO ROQUE;1° Dose;2470
SÃO JOAQUIM DA BARRA;1° Dose;2683
BIRIGUI;1° Dose;2858
JABOTICABAL;1° Dose;2742
UBATUBA;1° Dose;2828
CUBATÃO;1° Dose;3200
CAIEIRAS;1° Dose;2710
FRANCISCO MORATO;1° Dose;2735
PAULÍNIA;1° Dose;2856
PENÁPOLIS;1° Dose;2884
DRACENA;1° Dose;2940
JALES;1° Dose;3016
PIRASSUNUNGA;1° Dose;3099
MATÃO;1° Dose;2897
POÁ;1° Dose;3009
ITAPIRA;1° Dose;3073
AMPARO;1° Dose;3145
LORENA;1° Dose;3143
SALTO;1° Dose;3412
CAÇAPAVA;1° Dose;3156
SÃO JOSÉ DOS CAMPOS;1° Dose;3918
TAQUARITINGA;1° Dose;3079
BEBEDOURO;1° Dose;3688
VOTORANTIM;1° Dose;3265
MOCOCA;1° Dose;3198
HORTOLÂNDIA;1° Dose;3808
ITAPEVA;1° Dose;3374
ITANHAÉM;1° Dose;3681
LEME;1° Dose;3574
SANTANA DE PARNAÍBA;1° Dose;3621
ITAPEVI;1° Dose;3789
CARAGUATATUBA;1° Dose;4119
FERRAZ DE VASCONCELOS;1° Dose;4371
TUPÃ;1° Dose;4037
ITAPECERICA DA SERRA;1° Dose;4641
MOGI MIRIM;1° Dose;4245
LINS;1° Dose;4523
ITATIBA;1° Dose;4106
AVARÉ;1° Dose;4139
SERTÃOZINHO;1° Dose;4549
VALINHOS;1° Dose;4024
OURINHOS;1° Dose;4328
FERNANDÓPOLIS;1° Dose;4340
GUARATINGUETÁ;1° Dose;4847
EMBU DAS ARTES;1° Dose;4773
SANTA BÁRBARA D'OESTE;1° Dose;4662
RIBEIRÃO PIRES;1° Dose;4730
ITAQUAQUECETUBA;1° Dose;5179
TATUÍ;1° Dose;4882
FRANCO DA ROCHA;1° Dose;4824
ASSIS;1° Dose;5042
MOGI GUAÇU;1° Dose;5061
PRAIA GRANDE;1° Dose;6280
ARARAS;1° Dose;5543
COTIA;1° Dose;6016
PINDAMONHANGABA;1° Dose;5356
ITU;1° Dose;5949
SÃO JOÃO DA BOA VISTA;1° Dose;6291
CARAPICUÍBA;1° Dose;6998
VOTUPORANGA;1° Dose;6175
LIMEIRA;1° Dose;8050
ATIBAIA;1° Dose;6680
ITAPETININGA;1° Dose;6785
BRAGANÇA PAULISTA;1° Dose;6364
SÃO VICENTE;1° Dose;7248
SUMARÉ;1° Dose;7669
GUARUJÁ;1° Dose;7811
JAÚ;1° Dose;8490
JACAREÍ;1° Dose;7654
AMERICANA;1° Dose;8716
BARRETOS;1° Dose;8231
TABOÃO DA SERRA;1° Dose;8579
CATANDUVA;1° Dose;8371
INDAIATUBA;1° Dose;8373
SUZANO;1° Dose;9057
RIO CLARO;1° Dose;10041
FRANCA;1° Dose;9001
ARAÇATUBA;1° Dose;10219
BARUERI;1° Dose;9827
MAUÁ;1° Dose;10535
BOTUCATU;1° Dose;10240
DIADEMA;1° Dose;11743
SÃO CARLOS;1° Dose;11986
PRESIDENTE PRUDENTE;1° Dose;13493
TAUBATÉ;1° Dose;12465
PIRACICABA;1° Dose;13927
MOGI DAS CRUZES;1° Dose;13950
MARÍLIA;1° Dose;14050
ARARAQUARA;1° Dose;14063
JUNDIAÍ;1° Dose;14735
SOROCABA;1° Dose;15083
OSASCO;1° Dose;15832
SÃO CAETANO DO SUL;1° Dose;14588
BAURU;1° Dose;22182
SÃO JOSÉ DO RIO PRETO;1° Dose;26901
SANTO ANDRÉ;1° Dose;30196
SANTOS;1° Dose;31733
RIBEIRÃO PRETO;1° Dose;31022
GUARULHOS;1° Dose;37179
SÃO BERNARDO DO CAMPO;1° Dose;33279
CAMPINAS;1° Dose;58579
SÃO PAULO;1° Dose;463007
