id_classe_matserv;cd_classe_matserv;nome
367;3830;"IMPLEMENTOS PARA CAMINHOES E TRATORES"
368;6636;"CAMARAS AMBIENTAIS E EQUIPAMENTOS CORRELATOS"
369;3417;"MAQUINA DE FRESAR"
370;3418;"DESBASTADORAS E PLAINAS-LIMADORAS"
371;6638;"PECAS E COMPONENTES PARA CAMARAS AMBIENTAIS E EQUIPAMENTOS CORRELATOS"
372;3465;"GABARITOS PARA PRODUCAO, FURACAO E COPIAS"
373;4168;"COMPONENTES E ACES.DE UNIDADES DE REFRIGERACAO E CONDICIONAMENTO DE AR P/ CONTRATOS DE MANUTENCAO PREVENTIVA/CORRETIVA"
374;705;"MANUTENCAO, REPAROS E ADAPTACOES EM VEICULOS AUTOMOTORES"
375;7060;"EQUIPAMENTOS E DISPOSITIVOS DE SEGURANCA PARA EQUIPAMENTOSDE INFORMATICA"
376;7042;"DISPOSITIVO DE CONTROLE PARA COMPUTADOR E MICRO"
377;913;"SERVICOS PRESTADOS POR PESSOA JURIDICA EM CARATER EXCEPCIONAL"
378;803;"SERVICOS DE LOCACAO DE VEICULOS E AERONAVES"
379;301;"SERVICOS DE DEMOLICOES, ADAPTACAO E REPAROS DE BENS IMOVEIS"
380;303;"SERVICOS DE EXECUCAO DE OBRAS DIRETAS"
381;717;"MANUTENCAO E REPAROS EM MOBILIARIO EM GERAL"
382;711;"MANUTENCAO E REPAROS EM EQUIPAMENTOS E APARELHOS DE TRANSMISSAO/CONTROLE/GERACAO DE ENERGIA"
383;701;"MANUTENCAO, REPAROS E ADAPTACOES EM EQUIPAMENTOS, INSTRUMEN TOS MEDICOS, ODONTOLOGICOS E HOSPITALARES"
384;707;"MANUTENCAO E REPAROS EM EQUIPAMENTOS DE REFRIGERACAO E CONDICIONAMENTO DE AR"
385;307;"DESAPROPRIACOES DE IMOVEIS PARA OBRAS E INSTALACOES"
386;735;"SERVICOS DE RECUPERACAO E RECONDICIONAMENTO DE PECAS DE EQUIPAMENTOS PARA INFORMATICA"
387;2182;"ANTIASMATICOS"
388;922;"SERVICOS PRESTADOS PELA MGS -"
389;2135;"ANTISSEPTICOS E DESINFETANTES"
390;1670;"PARA-QUEDAS,EQUIPAMENTO PARA COLETA,LANCAMENTO/ACONDICIONAMENTO CARGA AEREA"
391;2121;"OUTROS PREPARADOS HEMATOLOGICOS"
392;2107;"ANTIDIARREICOS, ANTI-INFLAMATORIOS, ANTI-INFECCIOSOS INTESTINAIS"
393;2109;"DIGESTIVOS E ENZIMAS DIGESTIVAS"
394;2112;"TONICOS E REPOSITORES HIDROELETROLITICOS ORAIS"
395;7835;"PECAS E COMPONENTES"
396;1696;"EQUIPAMENTOS, FERRAMENTAS PARA MANUTENCAO E REPARO DE AERONAVE"
397;2138;"ANTI-INFECCIOSOS E ANTISSEPTICOS GINECOLOGICOS"
398;7530;"PAPELARIA E FORMULARIOS, EXCETO FORMULARIOS PADRONIZADOS"
399;6515;"SUPRIMENTOS PARA USO MEDICO E CIRURGICO"
400;-4;"INEXISTENTE"
401;2533;"COMPONENTES DE RODAS E ESTEIRAS DE VEICULOS"
402;3899;"MATERIAL DE FIXACAO,VEDACAO E LUBRIFICACAO EQUIPAMENTOS CONSTRUCAO/MINERACAO/ESCAVACAO/CONSTRUCAO ESTRADAS"
403;6950;"EQUIPAMENTOS E MEIOS AUXILIARES DIDATICOS/PEDAGOGICOS"
404;7420;"MAQUINAS CALCULADORAS E DE CONTABILIDADE"
405;9855;"MATERIAIS PARA INSTALACOES INCORPORAVEIS A OBRAS"
406;4820;"VALVULAS E REGISTROS"
407;2420;"TRATORES DE RODA"
408;2990;"ACESSORIOS DIVERSOS DE MOTORES, EXCETO DE AERONAVES"
409;6625;"INSTRUMENTOS DE VERIFICACAO, ENSAIO E MEDICAO DE APARELHAGEM ELETRICA E ELETRONICA"
410;5315;"PREGOS, CHAVETAS E PINOS"
411;6641;"EQUIPAMENTOS DE LABORATORIO"
412;8115;"CAIXAS E ENGRADADOS"
413;4730;"CONEXOES E ACESSORIOS PARA TUBOS E MANGUEIRAS"
414;4210;"EQUIP.COMPONENTES E ACESSORIOS COMBATE A INCENDIO"
415;6525;"EQUIPAMENTOS E SUPRIMENTOS PARA RAIO-X, USO MEDICO/ODONTOLOGICO/VETERINARIO"
416;8905;"CARNES, AVES ABATIDAS E PEIXES"
417;3235;"PECAS E COMPONENTES PARA EQUIPAMENTOS E MAQUINARIA PARA TRABALHOS EM MADEIRA"
418;5430;"TANQUES DE ARMAZENAGEM, COMPONENTES E PECAS"
419;6468;"SISTEMA NERVOSO AUTONOMO/ANTI-HISTAMINICOS"
420;6450;"OFTALMICOS/ANTIINFECCIOSOS E ANTIINFLAMATORIOS"
421;6499;"VETERINARIOS"
422;5130;"FERRAMENTAS MANUAIS MOTORIZADAS/ELETRICAS/PNEUMATICAS, TIPO EMPUNHAVEL"
423;7330;"UTENSILIOS DE COZINHA, MANUAIS"
424;7125;"ESTANTES E ARMACOES PARA ALMOXARIFADOS"
425;8030;"COMPOSTOS PRESERVATIVOS E SELANTES"
426;9840;"CERCAS, TELAS, ARAMES E PORTOES"
427;7115;"MOBILIARIO ESCOLAR E DE AUDITORIO"
428;8125;"GARRAFAS E GARRAFOES"
429;4320;"BOMBAS MANUAIS, MECANICAS, ELETRONICAS E MOTO-BOMBAS"
430;2360;"VEICULOS ESPECIAIS"
431;7650;"NORMAS E DESENHOS TECNICOS"
432;8205;"MEDICAMENTOS DE URGENCIA"
433;7640;"MAPAS, ATLAS, CARTAS, ORTO E AEROFOTOS, IMAGEM ORBITAL E GLOBOS"
434;3940;"BLOCOS, MOITOES, ARTICULACOES E ESTROPOS,PECAS E COMPONENTES"
435;6542;"PECAS E COMPONENTES PARA EQUIPAMENTOS E INSTRUMENTOS DE OFTALMOLOGIA (OPTOMETRIA)"
436;1560;"COMPONENTES ESTRUTURAIS DE AERONAVES -"
437;5835;"EQUIPAMENTOS PARA GRAVACAO E REPRODUCAO DE SOM"
438;5410;"EDIFICIOS PRE-FABRICADOS E PORTATEIS"
439;8960;"BEBIDAS NAO ALCOOLICAS"
440;7435;"EQUIPAMENTOS DE SISTEMAS DE INFORMACAO PARA ESCRITORIO"
441;6125;"CONVERSORES ELETRICOS ROTATIVOS"
442;8330;"COUROS"
443;3805;"EQUIPAMENTOS PARA MOVIMENTACAO E ESCAVACAO DE TERRA"
444;5520;"ESQUADRIA DE MADEIRA"
445;6920;"APARELHAGEM DE INSTRUCAO DE ARMAMENTO"
446;8925;"ACUCAR E PRODUTOS DE CONFEITARIA"
447;7630;"JORNAIS E PERIODICOS"
448;9620;"MINERAIS NATURAIS E SINTETICOS"
449;6410;"AGENTES DIAGNOSTICOS/CONTRASTES RADIOLOGICOS"
450;6105;"MOTORES ELETRICOS E COMPONENTES"
451;6491;"USO EXTERNO/PROTETORES E REDUTORES"
452;5830;"EQUIPAMENTOS INTERCOMUNICADORES/SISTEMA ALTO-FALANTES,EXCETO AEROTRANSPORTAVEL"
453;1015;"FERRAMENTAS PARA ARMAMENTO"
454;9420;"FIBRAS VEGETAIS, ANIMAIS E SINTETICAS"
455;6440;"IMUNOTERAPICOS/VACINAS E TOXOIDES"
456;3990;"EQUIPAMENTOS E ARTIGOS DIVERSOS PARA MOVIMENTACAO DE MATERIAIS, PECAS E COMPONENTES"
457;9530;"BARRAS/PERFIS/VERGALHOES DE METAIS NAO FERROSOS"
458;6436;"APARELHO RESPIRATORIO/ANTITUSSIGENOS"
459;6460;"ORGAOS HEMATOPOIETICOS E SANGUE/FIBRINOLITICOS"
460;4440;"SECADORES, DESIDRATADORES E ANTI-HIDRATADORES"
461;6419;"ANTINEOPLASICOS/ALCALOIDES"
462;3720;"EQUIPAMENTOS DE COLHEITA"
463;9540;"PERFIS ESTRUTURAIS DE METAIS NAO FERROSOS"
464;3615;"MAQUINAS, EQUIPAMETOS, COMPONENTES E SUPRIMENTOS PARA INDUSTRIA DE POLPA E DE PAPEL"
465;6643;"INSTRUMENTOS DE LABORATORIO"
466;6480;"SISTEMA NERVOSO CENTRAL E PERIFERICO/BLOQUADORES MUSCULARES"
467;3413;"MAQUINA DE FURAR METAL"
468;1699;"TINTAS, VERNIZES E MATERIAIS CORRELATOS PARA AERONAVES"
469;8935;"SOPAS E CALDOS"
470;9670;"SUCATA DE FERRO E DE ACO"
471;5980;"DISPOSITIVOS OPTRONICOS E ITENS CORRELATOS"
472;4230;"EQUIPAMENTOS PARA IMPREGNACAO E DESCONTAMINACAO"
473;9320;"PRODUTOS ACABADOS DE BORRACHA"
474;3520;"EQUIPAMENTOS PARA MANUFATURA E CONSERTO DE CALCADOS"
475;914;"SERVICOS ESPECIALIZADOS DE AUDITORIA, CONSULTORIA E ASSESSORIA"
476;2141;"MEDICAMENTOS UROLOGICOS"
477;1620;"COMPONENTES DE TREM DE POUSO"
478;2164;"ANALGESICOS E ANTIPIRETICOS"
479;907;"SERVICOS DE TREINAMENTO E APERFEICOAMENTO PROFISSIONAL"
480;920;"OUTROS SERVICOS DE PESSOA JURIDICA"
481;720;"MANUTENCAO E REPARO EM RECIPIENTES PARA GASES E SISTEMAS CENTRALIZADOS DE GASES"
482;9935;"MATERIAIS DIVERSOS PARA ALIENACAO"
483;734;"RECUPERACAO E RECONDICIONAMENTO DE PECAS DE VEICULOS AUTOMOTORES"
484;733;"MANUTENCAO E REPAROS EM PNEUS E CAMARAS DE AR"
485;736;"SERVICOS DE RECUPERACAO E RECONDICIONAMENTO DE PECAS PARA EQUIPAMENTOS DE INDUSTRIA GRAFICA"
486;5230;"EQUIPAMENTO PARA INSPECAO"
487;2174;"OUTROS MEDICAMENTOS PARA O SISTEMA NERVOSO"
488;2170;"ANTIDEPRESSIVOS"
489;2175;"ANTIPROTOZOARIOS"
490;2194;"OUTROS PRODUTOS TERAPEUTICOS"
491;2115;"OUTROS MEDICAMENTOS PARA O SISTEMA DIGESTIVO E O METABOLISMO"
492;2151;"IMUNOSOROS E IMUNOGLOBULINAS"
493;2146;"MEDICAMENTOS RELACIONADOS A HOMEOSTASIA DO CALCIO"
494;2144;"TRATAMENTO DA TIREOIDE"
495;2167;"ANTIPSICICOTICOS"
496;3449;"MAQUINAS SECUNDARIAS PARA FORMA E CORTE DE METAL"
497;6555;"EQUIPAMENTOS PARA TECNOLOGIA ASSISTIVA"
498;2190;"TESTES E AGENTES DE DIAGNOSTICO"
499;2101;"PREPARADOS ESTOMATOLOGICOS (BOCA E DENTES)"
500;1695;"EQUIPAMENTOS,PECAS,COMPONENTES E ACESSORIOS PARA VANT -"
501;8105;"BOLSAS E SACOS"
502;7110;"MOBILIARIO DE ESCRITORIO"
503;2520;"COMPONENTES DO SISTEMA DE TRANSMISSAO DE FORCA DE VEICULOS"
504;2590;"COMPONENTES DIVERSOS E ACESSORIOS DE VEICULOS"
505;6498;"MEDICAMENTOS DECISAO JUDICIAL DE USO EXCLUSIVO DA SES"
506;8520;"PRODUTOS DE HIGIENE PESSOAL, COSMETICOS E PERFUMES -"
507;8910;"OVOS E LATICINIOS"
508;5920;"FUSIVEIS E PARA-RAIOS"
509;7025;"ARMAZENAMENTO - INFORMATICA -"
510;6115;"GERADORES ELETRICOS, PECAS E COMPONENTES"
511;6730;"EQUIPAMENTOS PARA PROJECAO FOTOGRAFICA E CINEMATOGRAFICA"
512;6240;"LAMPADAS ELETRICAS"
513;1020;"EQUIPAMENTOS E APETRECHOS DE USO POLICIAL"
514;7610;"LIVROS E FOLHETOS"
515;7540;"FORMULARIOS (MODELOS) PADROES"
516;6750;"MATERIAIS FOTOGRAFICOS E CINEMATOGRAFICOS"
517;7490;"MAQUINAS DIVERSAS DE ESCRITORIO"
518;8340;"BARRACAS E ENCERADOS"
519;6630;"EQUIPAMENTOS E INSTRUMENTOS PARA ANALISE QUIMICA"
520;6424;"ANTINEOPLASICOS/HORMONIOS, INIBIDORES ENZIMATICOS E DA ACAO HORMONAL"
521;3220;"MAQUINARIA PARA TRABALHOS EM MADEIRA"
522;4710;"TUBO RIGIDO"
523;4720;"MANGUEIRAS E TUBULACOES FLEXIVEIS"
524;5510;"MADEIRAS E PRODUTOS DERIVADOS"
525;6510;"MATERIAIS CIRURGICOS PARA CURATIVOS"
526;6477;"SISTEMA NERVOSO CENTRAL E PERIFERICO/ANTIDEPRESSIVOS E ESTA BILIZADORES DO HUMOR"
527;7830;"MATERIAIS E EQUIPAMENTOS PARA GINASTICA E RECREACAO"
528;2425;"ACESSORIOS E COMPONENTES PARA TRATOR DE RODA"
529;5650;"MATERIAIS PARA COBERTURAS"
530;6475;"SISTEMA NERVOSO CENTRAL E PERIFERICO/ANSIOLITICOS"
531;9860;"MATERIAIS DIVERSOS PARA OBRAS"
532;4475;"COMPONENTES E PECAS PARA CALDEIRAS,FORNOS,CENTRAIS DE VAPOR E EQUIPAMENTOS DE SECAGEM"
533;903;"SERVICOS TECNICOS E SERVICOS ESPECIALIZADOS"
534;6413;"ANTIINFECCIOSOS/ANTIBIOTICOS"
535;5820;"EQUIPAMENTOS DE COMUNICACAO DE RADIO E DE TELEVISAO"
536;2640;"MATERIAIS PARA RECONDICIONAMENTO E ACESSORIOS DE PNEUS E CAMARAS DE AR"
537;8440;"MEIAS, LUVAS E COMPLEMENTOS DE VESTUARIO PARA HOMEM"
538;2920;"COMPONENTES DO SISTEMA ELETRICO DE MOTORES, EXCETO DE AERONAVES"
539;5132;"COMPONENTES E PECAS PARA FERRAMENTAS MANUAIS, MOTORIZADAS/ ELETRICAS, TIPO EMPUNHAVEL"
540;3560;"EQUIPAMENTOS E COMPONENTES PARA AUTOMACAO E CONTROLE"
541;5670;"PRODUTOS METALICOS PARA ARQUITETURA"
542;6150;"MATERIAIS E EQUIPAMENTOS DIVERSOS PARA GERACAO/DISTRIBUICAO ENERGIA ELETRICA"
543;3415;"MAQUINAS DE ESMERILHAR E RETIFICAR"
544;1380;"DISPOSITOS DE DISPERSAO, NAO EXPLOSIVOS"
545;6446;"METABOLISMO E NUTRICAO/SUPLEMENTOS DIETETICOS"
546;6474;"SISTEMA NERVOSO CENTRAL E PERIFERICO/ANESTESICOS LOCAIS"
547;3810;"GUINDASTES E GUINDASTES-ESCAVADEIRAS"
548;8480;"FARDAMENTO POLICIAL"
549;9110;"COMBUSTIVEIS SOLIDOS"
550;9520;"PERFIS ESTRUTURAIS DE ACO/FERRO"
551;3710;"EQUIPAMENTOS AGRICOLAS"
552;9915;"PECAS PARA ACERVO E OBRAS DE ARTE - ITENS COLECIONADORES"
553;5310;"PORCAS E ARRUELAS PARA PARAFUSOS"
554;6486;"SISTEMA MUSCULO ESQUELETICO/RELAXANTES MUSCULARES"
555;6428;"APARELHO DIGESTIVO/ANTIEMETICOS E PRO-CINETICOS"
556;6404;"ACAO ENDOCRINA/HORMONIOS HOPIFISARIOS E AFINS"
557;6461;"SISTEMA CIRCULATORIO/ANTIANGINOSOS"
558;6482;"SISTEMA NERVOSO CENTRAL E PERIFERICO/HIPNOTICOS E SEDATIVOS"
559;3693;"MAQUINAS INDUSTRIAIS DE MONTAGEM"
560;6423;"ANTINEOPLASICOS/COMPOSTOS DE PLATINA"
561;5815;"TELEIMPRESSORAS E EQUIPAMENTOS FAC-SIMILES"
562;5910;"CAPACITORES"
563;7535;"COMPONENTES E PECAS PARA UTENSILIOS DE ESCRITORIO"
564;3441;"MAQUINAS DE DOBRAR E MOLDAR"
565;8830;"MATERIAIS GENETICOS"
566;1650;"COMPONENTES DE SISTEMA HIDRAULICO,DE VACUO E DEGELAMENTO DE AERONAVE"
567;9390;"MATERIAIS DIVERSOS, NAO METALICOS, ACABADOS"
568;3910;"TRANSPORTADORES, PECAS E COMPONENTES"
569;7022;"UNIDADE CENTRAL DE PROCESSAMENTO, HIBRIDA (CPU)"
570;1630;"COMPONENTES DE SISTEMA DE FREIO E RODAS DE AERONAVES"
571;4925;"EQUIPAMENTOS ESPECIAIS DE REPARO, VERIFICACAO E MANUTENCAO DE MUNICOES E COMPONENTES"
572;5280;"JOGOS E ESTOJOS DE APARELHOS E UTENSILIOS PARA MEDICAO E INSPECAO"
573;6610;"INSTRUMENTOS DE VOO"
574;5420;"PONTES FIXAS, MOVEIS E FLUTUANTES"
575;3040;"EQUIPAMENTOS DIVERSOS PARA TRANSMISSAO DE FORCA"
576;802;"SERVICO DE LOCACAO DE EQUIPAMENTOS, MAQUINAS, APARELHOS, INSTRUMENTAL, FERRAMENTAL, MATERIAL E INSTALACOES"
577;3777;"PECAS E COMPONENTES PARA EQUIPAMENTOS AGRICOLAS -CONTRATACAOMEDIANTE FORNECIMENTO PARCELADO"
578;6070;"ACESSORIOS E ARTIGOS PARA FIBRA OPTICA"
579;602;"SERVICO TRANSPORTE E ACONDICIONAMENTO DE MATERIAIS E ANIMAIS"
580;712;"MANUTENCAO E REPAROS EM EQUIPAMENTOS ESPECIALIZADOS PARA MA NUTECAO E REPAROS"
581;801;"SERVICOS DE LOCACAO DE IMOVEIS"
582;725;"MANUTENCAO E REPAROS EM MAQUINAS E EQUIPAMENTOS P/ INDUSTRI A ESPECIALIZADA"
583;302;"INSTALACOES INCORPORAVEIS A OBRAS"
584;706;"MANUTENCAO E REPAROS EM EQUIPAMENTOS DE LABORATORIO E EQUIPAMENTOS E INSTRUMENSTOS DE ENSAIO E MEDICAO"
585;401;"SERVICOS DE ADMINISTRACAO DE EDIFICACOES"
586;729;"MANUTENCAO, ADAPTACOES E REPAROS EM EQUIPAMENTOS PARA RECRE ACAO, ATLETISMO, DESPORTO E CIVICO"
587;716;"MANUTENCAO E REPAROS EM EQUIPAMENTOS AUDIO-VISUAIS"
588;7660;"LIVROS E FOLHETOS DE MUSICA"
589;503;"ARMAZEM DE INFORMACAO"
590;6010;"EQUIPAMENTOS PARA FIBRA OPTICA -"
591;2506;"PECAS E COMPONENTES VEICULARES"
592;2153;"ANTINEOPLASICOS"
593;2140;"ANTICONCEPCIONAIS, HORMONIOS SEXUAIS E MODULADORES DO SISTEMA GENITAL"
594;2176;"ANTI-HELMINTICOS"
595;2150;"ANTIVIRAIS SISTEMICOS"
596;2187;"PRODUTOS OTOLOGICOS"
597;2149;"ANTIMICOBACTERIANOS SISTEMICOS"
598;2137;"OUTROS PREPARADOS DERMATOLOGICOS"
599;2155;"IMUNOESTIMULANTES"
600;2184;"ANTI-HISTAMINICOS SISTEMICOS"
601;2136;"ANTIACNEICOS"
602;2192;"MEIOS DE CONTRASTE"
603;2162;"OUTROS MEDICAMENTOS PARA O SISTEMA MUSCULO-ESQUELETICO"
604;2114;"ESTIMULANTES DO APETITE"
605;5411;"ABRIGOS DE PAREDE RIGIDA"
606;6697;"PECAS E COMPONENTES PARA INSTRUMENTOS COMBINADOS E INSTRUMENTOS DIVERSOS"
607;2185;"OUTROS MEDICAMENTOS PARA O SISTEMA RESPIRATORIO"
608;6447;"METABOLISMO E NUTRICAO/REGULADORES DO METABOLISMO OSSEO, VI TAMINAS, SUPLEMENTOS MINERAIS E ENZIMATICOS"
609;5335;"TELAS E TECIDOS METALICOS"
610;7340;"TALHERES DE MESA E CUTELARIA"
611;6130;"CONVERSORES ELETRICOS NAO ROTATIVOS"
612;5640;"MATERIAL PARA ISOLAMENTOS TERMICO E ACUSTICO E PAINEIS DIVI SORIOS"
613;9150;"OLEOS E GRAXAS PARA CORTE, LUBRIFICACAO E SISTEMA HIDRAULICO"
614;9510;"BARRAS DE ACO/FERRO"
615;6135;"BATERIAS PRIMARIAS (PILHAS)"
616;4240;"EQUIPAMENTO,COMPONENTE E SUPRIMENTOS PARA BUSCA E SEGURANCA"
617;6760;"PECAS E ACESSORIOS PARA EQUIPAMENTOS FOTOGRAFICOS, CINEMATO GRAFICOS E DE PROJECAO"
618;2340;"OUTROS VEICULOS DE 02,03 OU 04 RODAS, COMPONENTES E PECAS"
619;4510;"APARELHOS HIDRAULICOS-SANITARIOS E ACESSORIOS"
1;4110;"UNIDADES COMPLETAS DE REFRIGERACAO E ACESSORIOS"
2;5930;"CHAVES E INTERRUPTORES"
3;6519;"INSTRUMENTOS MEDICOS-HOSPITALARES"
4;4910;"EQUIPAMENTOS ESPECIAIS PARA MANUTENCAO E REPAROS DE VEICULOS E EQUIPAMENTOS"
5;6530;"MOBILIARIO PARA USO MEDICO, HOSPITALAR, REABILITACAO E LABORATORIO"
6;5120;"FERRAMENTAS MANUAIS, SEM CORTE, NAO MOTORIZADAS"
7;7050;"COMPONENTES DE PROCESSAMENTO DE DADOS"
8;5365;"ARRUELA, CALCO E ESPACADOR"
9;7105;"MOBILIARIO DE USO GERAL"
10;7310;"EQUIPAMENTOS, ACESSORIOS E PECAS, PARA PREPARAR ALIMENTOS"
11;6670;"ESCALAS E BALANCAS"
12;6520;"SUPRIMENTOS PARA USO ODONTOLOGICO"
13;2310;"VEICULOS MOTORIZADOS PARA TRANSPORTE DE PASSAGEIRO"
14;8405;"VESTUARIOS EXTERIORES PARA HOMEM"
15;4140;"VENTILADOR,CIRCULADOR,CLIMATIZADOR,(DES)UMIDIFICADOR DE AR"
16;5350;"MATERIAIS ABRASIVOS"
17;1305;"MUNICOES"
18;3540;"EQUIPAMENTOS PARA ACONDICIONAMENTO E EMBALAGEM"
19;2940;"PURIFICADORES E FILTROS DE MOTORES, EXCETO DE AERONAVES"
20;3775;"COMPONENTES E PECAS PARA MAQUINA E EQUIPAMENTOS AGRICOLAS"
21;6508;"COSMETICOS E PRODUTOS DE TOALETES PARA PACIENTES HOSPITALIZADOS"
22;8530;"UTENSILIOS PARA HIGIENE PESSOAL"
23;3439;"ARTIGOS E ACESSORIOS PARA SOLDAGENS COMUM, FRACA E POR CALDEAMENTO"
24;3210;"SERRARIA E OFICINA DE APLAINAR"
25;9440;"MATERIA-PRIMA DE ORIGEM MINERAL E SINTETICA"
26;8720;"FERTILIZANTES"
27;3442;"PRENSAS HIDRAULICAS/ELETRICAS/PNEUMATICAS A MOTOR"
28;6540;"EQUIPAMENTOS, INSTRUMENTOS E SUPRIMENTOS DE OFTALMOLOGIA (OPTOMETRIA)"
29;6487;"USO EXTERNO/ANTIINFECCIOSOS, ANTIINFLAMATORIOS E ANTI-HEMOR ROIDARIOS"
30;5180;"JOGOS E CONJUNTOS DE FERRAMENTAS MANUAIS"
31;8315;"MIUDEZAS E AVIAMENTOS DE COSTURA"
32;3740;"EQUIPAMENTOS PARA COMBATE A PRAGAS"
33;3510;"EQUIPAMENTOS DE LAVANDERIA"
34;6472;"SISTEMA NERVOSO CENTRAL E PERIFERICO/ANALGESICOS, ANTIINFLA MATORIOS E ANTIPIRETICOS"
35;6910;"MEIOS AUXILIARES PARA TESTES DE SELECAO E TREINAMENTO"
36;6456;"ORGAOS HEMATOPOIETICOS E SANGUE/ANTI-HEMORRAGICOS"
37;6421;"ANTINEOPLASICOS/ANTIMETABOLICOS"
38;7710;"INSTRUMENTOS MUSICAIS"
39;7197;"COMPONENTES E PECAS PARA MOBILIARIO"
40;9906;"MATERIAIS PROMOCIONAIS"
41;5330;"MATERIAIS PARA VEDACAO"
42;5999;"COMPONENTES DIVERSOS, ELETRICOS E ELETRONICOS"
43;4810;"VALVULAS MOTORIZADAS"
44;5660;"CERCADOS, TELAS E PORTOES"
45;8120;"CILINDROS PARA GASES, PECAS E COMPONENTES"
46;6665;"INSTRUMENTOS E APARELHOS PARA DETECCAO DE PERIGOS"
47;9815;"MATERIAL DIMENSIONADO, NAO METALICO"
48;8460;"MALARIA"
49;6310;"SISTEMA DE SINALIZACAO DE TRAFEGO E TRANSITO"
50;3424;"EQUIPAMENTOS PARA TRATAMENTO TERMICO DE METAIS"
51;6433;"APARELHO GENITURINARIO/DIURETICOS E TERAPEUTIICA DA INCONTI NENCIA URINARIA"
52;6634;"PECAS E COMPONENTES PARA EQUIPAMENTOS PARA ENSAIO E VERIFICACAO DE PROPRIEDADES FISICAS"
53;4630;"EQUIPAMENTOS PARA TRATAMENTO DE ESGOTOS"
54;4520;"EQUIPAMENTOS P/ CALEFACAO DE AMBIENTES/AQUECEDORES DE AGUA, DOMESTICOS"
55;6418;"ANTIPARASITARIOS"
56;5836;"EQUIPAMENTOS PARA GRAVACAO E REPRODUCAO DE VIDEO"
57;6355;"PECAS E COMPONENTES PARA EQUIPAMENTOS DE SINALIZACAO E ALARME"
58;6458;"ORGAOS HEMATOPOIETICOS E SANGUE/EXPANSORES E PLASMATICOS"
59;4940;"EQUIPAMENTOS ESPECIAIS DIVERSOS PARA MANUTENCAO E REPAROS"
60;6466;"SISTEMA CIRCULATORIO/VASODILATADORES E ESCLEROSANTES"
61;6471;"SISTEMA NERVOSO AUTONOMO/COLINERGICOS"
62;6435;"APARELHO RESPIRATORIO/AGENTES TENSOATIVO PULMONAR"
63;6439;"IMUNOTERAPICOS/IMUNOGLOBULINAS"
64;5220;"CALIBRES DE INSPECAO"
65;2103;"ANTIESPASMODICOS, ANTICOLINERGICOS E PROPULSIVOS"
66;8485;"FARDAMENTO BOMBEIRO MILITAR"
67;6605;"INSTRUMENTOS DE NAVEGACAO"
68;4530;"EQUIPAMENTOS PARA QUEIMA DE COMBUSTIVEL"
69;3968;"COMPONENTES E ACESSORIOS DE ELEVADORES P/ CONTRATOS DE MANUTENCAO PREVENTIVA/CORRETIVA"
70;6667;"PECAS E COMPONENTES PARA INSTRUMENTOS E APARELHOS PARA DETECCAO DE PERIGOS"
71;6167;"COMPONENTES E ACESSORIOS PARA GRUPOS GERADORES PARA CONTRATOS DE MANUTENCAO PREVENTIVA/CORRETIVA"
72;6425;"ANTIMEOPLASICOS/PRODUTOS NATURAIS"
73;902;"SERVICOS PUBLICOS ESSENCIAIS, TAIS COMO SEGUROS, IMPOSTOS, TAXAS, TARIFAS E PREMIOS"
74;704;"MANUTENCAO E REPAROS EM EQUIPAMENTOS DE SOM, VIDEO, FOTOGRA FICOS, CINEMATOGRAFICOS E DE ILUMINACAO"
75;715;"MANUTENCAO E REPAROS EM INSTALACOES PREDIAIS"
76;601;"SERVICO DE FORNECIMENTO DE PASSAGEM"
77;804;"SERVICOS DE LOCACAO DE APARELHOS, EQUIPAMENTOS DE TELECOMUNICACAO E LINHAS"
78;732;"MANUTENCAO, REPAROS E ADAPTACOES EM EMBARCACOES, COMPONENTES E ACESSORIOS"
79;708;"MANUTENCAO E REPAROS EM EQUIPAMENTOS PARA CONSTRUCAO, MINERACAO, ESCAVACAO E CONSERVACAO DE ESTRADAS"
80;713;"MANUTECAO E REPAROS EM EQUIPAMENTOS DE PROCESSAMENTO DE DA DOS"
81;950;"ENCARGOS PREVIDENCIARIOS POR SERVICOS PRESTADOS POR PESSOAFISICA OU JURIDICA"
82;919;"SERVICOS DE TELECOMUNICACOES"
83;731;"MANUTENCAO, REPAROS E E ADAPTACOES EM ARMAMENTOS"
84;719;"MANUTENCAO E REPAROS EM MAQUINARIA E EQUIPAMENTOS AGRICOLAS"
85;1097;"PECAS E COMPONENTES PARA ARMAS DIVERSAS"
86;2147;"ANTIBACTERIANOS SISTEMICOS"
87;2196;"FORMULAS OU ASSOCIACOES MANIPULADAS"
88;2132;"EMOLIENTES, HIDRATANTES, PROTETORES SOLARES E UMECTANTES -"
89;2124;"DIURETICOS"
90;2127;"BETA-BLOQUEADORES"
91;2145;"HORMONIOS PANCREATICOS"
92;2163;"ANESTESICOS"
93;3598;"COMPONENTES E ACESSORIOS PARA EQUIPAMENTOS DE LAVANDERIA PARA CONTRATOS DE MANUTENCAO CORRETIVA/PREVENTIVA"
94;2152;"VACINAS"
95;2148;"ANTIFUNGICOS SISTEMICOS"
96;2125;"VASODILATADORES PERIFERICOS"
97;510;"DESENVOLVIMENTO DE SOLUCAO DE EDUCACAO A DISTANCIA"
98;511;"SOLUCOES CORPORATIVAS"
99;2134;"ANTIPRURIGINOSOS E ANTIPSORIATICOS"
100;6810;"REAGENTES QUIMICOS"
101;2550;"COMPONENTES DO SISTEMA DE SUSPENSAO DE VEICULOS"
102;5975;"FERRAGENS E ACESSORIOS ELETRICOS"
103;6830;"GASES: COMPRIMIDOS E LIQUIFEITOS"
104;6518;"EQUIPAMENTOS, APARELHOS E UTENSILIOS MEDICOS-HOSPITALARES"
105;6662;"PECAS E COMPONENTES PARA INSTRUMENTOS E APARELHOS DE METEREOLOGIA"
106;5962;"DISPOSITIVOS COM CIRCUITOS MICROELETRONICOS"
107;6517;"PECAS E COMPONENTES PARA EQUIPAMENTOS MEDICOS, CIRURGICOS E HOSPITALARES"
108;5925;"DISJUNTORES"
109;2560;"MOTORES AUTOMOTIVOS E COMPONENTES"
110;2320;"VEICULOS MOTORIZADOS PARA TRANSPORTE DE CARGA"
111;3930;"VIATURAS PARA MOVIMENTACAO DE MATERIAIS, MOTORIZADAS, PECAS E COMPONENTES"
112;7820;"JOGOS E BRINQUEDOS"
113;4330;"CENTRIFUGAS, SEPARADORES E FILTROS A PRESSAO E A VACUO"
114;5440;"ANDAIMES, ESCADAS E FORMAS DE CONCRETO"
115;6635;"EQUIPAMENTOS E ACESSORIOS PARA ENSAIO E VERIFICACAO DE PRO PRIEDADES FISICAS"
116;6675;"INSTRUMENTOS PARA DESENHO, TOPOGRAFIA E CARTOGRAFIA"
117;8415;"VESTUARIO ESPECIAL"
118;3438;"EQUIPAMENTOS DE SOLDA, DIVERSOS (EM GERAL)"
119;7195;"MOBILIARIO DIVERSO E ESPECIAL"
120;6720;"CAMERA E EQUIPAMENTOS FOTOGRAFICOS -"
121;9905;"LETREIROS, MOSTRUARIOS, DISPOSITIVOS DE AVISOS E CHAPAS DE IDENTIFICACAO"
122;8345;"BANDEIRAS E GALHARDETES"
123;7350;"ARTIGOS PARA SERVICOS DE MESAS"
124;9999;"ITENS DIVERSOS"
125;8730;"SEMENTES E VIVEIROS PARA PLANTAS"
126;5530;"COMPENSADOS, FOLHEADOS E AGLOMERADOS"
127;7495;"PECAS,ACESSORIOS E COMPONENTES PARA MAQUINAS DE ESCRITORIO E EQUIPAMENTOS DE REGISTRO VISUAL"
128;8445;"MEIAS, LUVAS E COMPLEMENTOS DE VESTUARIO PARA MULHER"
129;6160;"ACESSORIOS E REVESTIMENTOS DIVERSOS PARA BATERIAS"
130;502;"SISTEMAS DE INFORMACAO"
131;5905;"RESISTORES"
132;8305;"TECIDOS"
133;3650;"MAQUINAS, EQUIPAMENTOS E COMPONENTES DE MANUFATURA DE PRODUTOS QUIMICOS E FARMACEUTICOS"
134;6210;"APARELHOS E ARTIGOS DE ILUMINACAO ELETRICA, INTERNOS E EXTERNOS"
135;6420;"ANTINEOPLASICOS/AGENTES ALQUILANTES"
136;2330;"REBOQUES"
137;4010;"CABOS DE ACO E CORRENTES"
138;5950;"BOBINAS E TRANSFORMADORES"
139;3595;"COMPONENTES E PECAS PARA EQUIPAMENTOS COMERCIAIS E DE SERVICOS"
140;2815;"MOTORES DIESEL E COMPONENTES"
141;6488;"USO EXTERNO/ANTIPARASITARIOS E FUNGICIDAS"
142;1375;"EXPLOSIVOS E DISPOSITIVOS DE EXPLOSAO"
143;7020;"UNIDADE CENTRAL DE PROCESSAMENTO ANALOGICO (CPU), COMPONENTES E PERIFERICOS"
144;6660;"INSTRUMENTOS E APARELHOS DE METEOROLOGIA"
145;4220;"EQUIPAMENTO E ACESSORIO MARITIMO PARA MERGULHO E SALVAMENTO-"
146;6489;"USO EXTERNO/ANTISSEPTICOS"
147;6412;"ANTIDOTOS"
148;6453;"ORGAOS HEMATOPOIETICOS E SANGUE/ANTIANEMICOS"
149;5915;"FILTROS E MALHAS DE FILTRO"
150;6481;"SISTEMA NERVOSO CENTRAL E PERIFERICO/HIPOANALGESICOS"
151;4030;"ACESSORIOS PARA CORDAS, CABOS DE ACO E CORRENTES"
152;3530;"MAQUINAS E EQUIPAMENTOS INDUSTRIAIS DE COSTURA E INDUSTRIA TEXTIL"
153;9160;"CERAS, OLEOS E GORDURAS DIVERSAS"
154;3605;"MAQUINAS, EQUIPAMENTOS, COMPONENTES E SUPRIMENTOS PARA INDUSTRIA DE PRODUTOS ALIMENTICIOS"
155;6015;"CABO PARA FIBRA OPTICA -"
156;3416;"TORNOS"
157;6427;"APARELHO DIGESTIVO/ANTIACIDOS E INIBIDORES DA SECRECAO GAS TRICA"
158;8320;"MATERIAL PARA ESTOFAMENTO E ACOLCHOAMENTO"
159;9835;"MATERIAL PARA COBERTURA"
160;6476;"SISTEMA NERVOSO CENTRAL E PERIFERICO/ANTICONVULSIVANTES"
161;9640;"PRODUTOS PRIMARIOS E SEMIACABADOS DE FERRO E DE ACO"
162;6940;"APARELHAGEM PARA TREINAMENTO E INSTRUCAO"
163;1635;"COMPONENTES PARA SISTEMA DE EXTINCAO DE FOGO DE AERONAVES -"
164;6416;"ANTIINFECCIOSOS/HANSENOSTATICOS E TUBERCULOSTATICOS"
165;3655;"EQUIPAMENTO PARA PRODUCAO E RECICLAGEM DE GASES -"
166;6451;"OFTALMICOS/MIOTICOS, MEDRIATICOS, CICLOPLEGICOS E ANTIGLAUCOMATOSOS"
167;6478;"SISTEMA NERVOSO CENTRAL E PERIFERICO/ANTIPARKINSONIANOS"
168;6470;"SISTEMA NERVOSO AUTONOMO/BLOQUEADORES COLINERGICOS E ANTIES PASMODICOS"
169;8930;"DOCES, GELEIAS E COMPOTAS"
170;2189;"GASES MEDICINAIS"
171;2995;"ACESSORIOS DIVERSOS DE MOTORES DE AERONAVES"
172;6402;"ACAO ENDOCRINA/HIPERGLICEMIANTES"
173;402;"SERVICOS DE INSTALACAO E MONTAGEM DE EQUIPAMENTOS, ACESSORIOS, COMPONENTES E BENS DE SERVICOS"
174;2133;"TRATAMENTO DE FERIDAS E ULCERAS"
175;305;"OUTRAS ATIVIDADES NECESSARIAS DE OBRAS E INSTALACOES POR CONTRATO"
176;5895;"EQUIPAMENTOS DIVERSOS DE COMUNICACOES"
177;3428;"MATERIAIS E EQUIPAMENTOS PARA FUNDICAO EM GERAL"
178;1730;"EQUIPAMENTOS PARA SERVICOS DE AERODROMOS E AEROPORTOS"
179;917;"SERVICOS DE TECNOLOGIA DA INFORMACAO"
180;6539;"COMPONENTES E ACESSORIOS PARA EQUIPAMENTOS MEDICOS-HOSPITALARES PARA CONTRATOS DE MANUTENCAO PREVENTIVA/CORRETIVA"
181;6698;"COMPONENTES E ACESSORIOS PARA EQUIPAMENTOS DE LABORATORIO PARA CONTRATOS DE MANUTENCAO PREVENTIVA/CORRETIVA"
182;5960;"VALVULAS ELETRONICAS E FERRAGENS ASSOCIADAS"
183;912;"SERV.ESPECIALIZADOS AREAS MEDICA, ODONTOLOGICA, REABILITACAO,HOSPITALAR E DE LABORATORIO (EXAME-ANALISE-ENSAIO-PESQUISA)"
184;8810;"ANIMAIS VIVOS, DE CORTE E DE ABATE"
185;304;"SERVICOS DE EXECUCAO DE OBRAS POR CONTRATO"
186;915;"SERVICOS PRESTADOS POR ESTAGIARIOS, MONITORES E MEDICOS RESIDENTES"
187;911;"SERVICOS DE HOSPEDAGENS, CURSOS, PROMOCOES E EVENTOS"
188;909;"SERVICOS EVENTUAIS PRESTADOS POR PESSOA FISICA"
189;722;"MANUTENCAO E REPAROS EM EQUIPAMENTOS PARA LIMPEZA"
190;505;"SERVICOS DE REDE"
191;2197;"MEDICAMENTOS VETERINARIOS"
192;9940;"MATERIAL PARA CONSERVACAO E RESTAURACAO"
193;2171;"PSICOESTIMULANTES"
194;2183;"MEDICAMENTOS PARA TOSSE E RESFRIADO"
195;2116;"ANTICOAGULANTES, ANTITROMBOTICOS E TROMBOLITICOS"
196;2159;"RELAXANTES MUSCULARES"
197;2180;"PREPARADOS PARA USO NASAL"
198;2128;"BLOQUEADORES DE CANAL DE CALCIO"
199;2301;"VEICULOS MOTORIZADOS DE SERVICO PARA TRANSPORTE DE PASSAGEIROS"
200;2108;"PREPARADOS ANTIOBESIDADE"
201;2177;"INSETICIDAS, REPELENTES, ESCABICIDAS E ECTOPARASITOCIDAS"
202;8750;"INOCULANTES"
203;2105;"TRATAMENTO BILIAR E HEPATICO"
204;2113;"ANABOLIZANTES PARA USO SISTEMICO"
205;6260;"MATERIAIS E APARELHOS DE ILUMINACAO NAO ELETRICOS"
206;6442;"IMUNOTERAPICOS/SOROS"
207;2530;"COMPONENTES DO SISTEMA DE FREIO DE VEICULOS"
208;2531;"COMPONENTES DO SISTEMA DE DIRECAO DE VEICULOS"
209;6437;"APARELHO RESPIRATORIO/BRONCODILATADORES"
210;2510;"COMPONENTES ESTRUTURAIS (CHASSIS, CARROCERIA E CABINES E COMPONENTES) DE VEICULOS"
211;2610;"PNEUS E CAMARAS DE AR, EXCETO DE AERONAVES"
212;4610;"EQUIPAMENTOS PARA PURIFICACAO DE AGUA E COMPONENTES"
213;5945;"RELES, CONTACTORES E SOLENOIDES"
214;4970;"COMPONENTES, ACESSORIOS E PECAS PARA EQUIPAMENTOS ESPECIALI ZADOS PARA MANUTENCAO E REPAROS"
215;3807;"ACESSORIOS E COMPONENTES PARA EQUIPAMENTOS PARA MOVIMENTACAO E ESCAVACAO DE TERRA"
216;8940;"ALIMENTOS PREPARADOS E ALIMENTOS DIETETICOS"
217;7430;"MAQUINA DE DATILOGRAFIA E MAQUINA DE COMPOSICAO DE TIPOS PARA ESCRITORIO"
218;6695;"INSTRUMENTOS COMBINADOS E INSTRUMENTOS DIVERSOS"
219;6850;"ESPECIALIDADES QUIMICAS"
220;4160;"PECAS, ACESSORIOS E COMPONENTES PARA EQUIPAMENTOS DE REFRIGERACAO E CONDICIONAMENTO DE AR"
221;3590;"EQUIPAMENTOS DIVERSOS, COMERCIAIS E DE SERVICOS"
222;6099;"COMPONENTES, ACESSORIOS E ARTIGOS FIBRA OPTICA"
223;4310;"COMPRESSOR, BOMBA DE VACUO E RESERVATORIO -"
224;5125;"FERRAMENTAS PARA MANUTENCAO EM EQUIPAMENTOS DE INFORMATICA"
225;7690;"IMPRESSOS DIVERSOS"
226;4830;"COMPONENTES E PECAS PARA VALVULAS E REGISTROS"
227;7730;"RADIOS, FONOGRAFOS, TELEVISORES TIPO DOMESTICO E ACESSORIOS"
228;5445;"ESTRUTURAS DE TORRES, PRE-FABRICADAS"
229;4430;"FORNALHAS E FORNOS INDUSTRIAIS, FORNOS-TUNEIS E ESTUFAS"
230;4150;"EQUIP.INDUSTRIAL DE CLIMATIZACAO, VENTILACAO E CIRCULACAO -"
231;3475;"MATERIAL, COMPONENTES E PECAS PARA EQUIPAMENTOS E MAQUINARIAPARA TRABALHOS EM METAL"
232;8740;"AGROTOXICOS"
233;3445;"MAQUINAS DE PUNCIONAR E TESOURAS MECANICAS"
234;4340;"COMPONENTES E PECAS PARA BOMBAS E COMPRESSORES"
235;5680;"MATERIAIS DIVERSOS PARA CONSTRUCAO"
236;6820;"REAGENTES QUIMICOS, CORANTES E INDICADORES"
237;7035;"COMPONENTES, PERIFERICOS E ACESSORIOS DE INFORMATICA -"
238;3419;"MAQUINAS-FERRAMENTA, DIVERSAS"
239;8510;"PRODUTOS PARA HIGIENE PESSOAL"
240;6680;"INSTRUMENTOS PARA MEDICAO FLUXOS GAS/LIQUIDOS/NIVEL E MOVIMENTOS MECANICOS"
241;3920;"VIATURAS P/MOVIMENTACAO DE MATERIAIS, NAO MOTORIZADAS, PECASE COMPONENTES"
242;3822;"ACESSORIOS E COMPONENTES PARA EQUIPAMENTOS PARA MINERACAO, PERFURACAO DE ROCHA, TERRA E CORRELATOS"
243;3760;"EQUIPAMENTOS DE TRACAO ANIMAL"
244;3960;"ELEVADORES E ESCADAS ROLANTES, PECAS E COMPONENTES"
245;9505;"ARAMES DE ACO"
246;8420;"ROUPAS DE BAIXO E DE DORMIR, PARA HOMEM"
247;8975;"SORVETES, SUCOS, REFRESCOS E BEBIDAS LACTEAS"
248;7055;"EQUIPAMENTOS COMBINADOS PARA INFORMATIZACAO E PROCESSAMENTO DE DADOS"
249;3730;"EQUIPAMENTOS PARA AGRO-PECUARIA"
250;3895;"EQUIPAMENTOS DIVERSOS PARA CONSTRUCAO"
251;6438;"APARELHO RESPIRATORIO/EXPECTORANTES, FLUIDIFICANTES E DESCONGESTIONANTES"
252;6408;"ACAO ENDOCRINA/INSULINA"
253;1640;"COMPONENTES PARA SISTEMA DE TRANSMISSAO DE AERONAVES -"
254;1665;"COMPONENTES DE FIXACAO/VEDACAO E LUBRIFICACAO PARA AERONAVES"
255;6431;"APARELHO DIGESTIVO/LAXATIVOS"
256;6493;"USO TOPICO UTILIZADOS EM OTORRINOLARINGOLOGIA/ANTIINFECCIO SOS E ANTIINFLAMATORIOS"
257;8425;"ROUPAS DE BAIXO E DE DORMIR, PARA MULHER"
258;5977;"ESCOVA DE CONTATO ELETRICO E ELETRODOS"
259;3630;"MAQUINAS, EQUIPAMENTOS, COMPONENTES E SUPRIMENTOS PARA INDUSTRIA DE PRODUTOS DE ARGILA E CONCRETO"
260;2620;"PNEUS E CAMARAS DE AR, DE AERONAVES"
261;8490;"VESTUARIOS UNISSEX"
262;5840;"EQUIPAMENTOS DE RADAR, EXCETO OS AEROTRANSPORTAVEIS"
263;9680;"SUCATA DE METAIS NAO FERROSOS"
264;1510;"AERONAVES"
265;6780;"JOGOS E ESTOJOS DE MATERIAL FOTOGRAFICO E CINEMATOGRAFICO"
266;1940;"PEQUENAS EMBARCACOES"
267;4348;"COMPONENTES E ACESSORIOS PARA BOMBAS E COMPRESSORES PARA CONTRATOS DE MANUTENCAO PREVENTIVA/CORRETIVA"
268;6538;"COMPONENTES E ACESSORIOS PARA EQUIPAMENTOS ODONTOLOGICOS PARA CONTRATOS DE MANUTENCAO PREVENTIVA/CORRETIVA"
269;1660;"COMPONENTES DOS SISTEMAS DE CONDICIONAMENTO DE AR, AQUECIMENTO E PRESSURIZACAO DE AERONAVE"
270;5360;"MOLAS DE FIO, CHATA E ESPECIAL"
271;904;"SERVICO DE PUBLICIDADE, PUBLICACAO, IMPRESSAO, REPRODUCAO E ENCADERNACAO"
272;905;"AQUISICAO E ASSINATURAS DE PERIODICOS"
273;906;"SERVICOS DE HIGIENIZACAO E LIMPEZA"
274;714;"MANUTENCAO E REPAROS EM EQUIPAMENTOS DE SEGURANCA/PROTECAO DE EDIFICACOES, INDUSTRIAL E PESSOAL"
275;702;"MANUTENCAO E REPAROS EM EQUIPAMENTOS E UTENSILIOS DE ESCRITORIO"
276;703;"MANUTENCAO E REPAROS EM EQUIPAMENTOS DE COMUNICACAO E TELECOMUNICACAO"
277;306;"AQUISICAO DE IMOVEIS NECESSARIOS A REALIZACAO DE OBRAS"
278;718;"MANUTENCAO E REPAROS EM EQUIPAMENTOS DE AUTOMACAO, ARMAZEM, DEPOSITO"
279;955;"ENCARGOS FINANCEIROS POR SERVICOS PRESTADOS POR PESSOA FISI CA OU JURIDICA"
280;603;"FORNECIMENTO DE COMBUSTIVEL E LUBRIFICANTE"
281;6661;"SISTEMAS DE MONITORAMENTO CLIMATICOS"
282;501;"DATACENTER"
283;507;"GESTAO DE CONTEUDO"
284;7015;"ATIVOS DE REDE"
285;6505;"DROGAS, PRODUTOS BIOLOGICOS E REAGENTES OFICINAIS (PADRONIZADOS)"
286;8970;"RACAO OPERACIONAL DE EMERGENCIA"
287;2166;"ANTIPARKINSONIANOS"
288;2191;"EQUIPAMENTOS, REAGENTES, SOLVENTES E OUTROS INSUMOS FARMACEUTICOS"
289;2119;"HEMODIALISES, DIALISES E SOLUCOES PARA PERFUSAO E IRRIGACAO"
290;2126;"VASOPROTETORES"
291;2370;"VIATURAS"
292;2173;"TRATAMENTO DO ALZHEIMER E DEMENCIA"
293;2110;"MEDICAMENTOS UTILIZADOS NO DIABETES"
294;2156;"IMUNOSSUPRESSORES"
295;2161;"TRATAMENTO DE DOENCAS OSSEAS"
296;2104;"ANTIEMETICOS E ANTINAUSEANTES"
297;5355;"MOSTRADORES, PONTEIROS E BOTOES DE CONTROLE"
298;2120;"NUTRICAO PARENTERAL"
299;508;"BUSINESS INTELLIGENCE"
300;6116;"CELULA COMBUSTIVEL, COMPONENTES E ACESSORIOS"
301;2172;"PSICOLEPTICOS E PSICOANAPLETICOS EM ASSOCIACAO"
302;3110;"ROLAMENTOS E COMPONENTES"
303;3610;"MAQUINAS, EQUIPAMENTOS, COMPONENTES E SUPRIMENTOS PARA INDUSTRIA GRAFICA"
304;6522;"PECAS E COMPONENTES DE EQUIPAMENTOS PARA USO ODONTOLOGICO"
305;-3;"NÃO SE APLICA"
306;7045;"EQUIPAMENTOS DE APOIO E MATERIAL DE CONSUMO PARA INFORMATICA"
307;2597;"MATERIAL DE FIXACAO, VEDACAO E LUBRIFICACAO PARA USO VEICULAR"
308;7920;"EQUIPAMENTOS AUXILIARES E MATERIAIS PARA LIMPEZA"
309;5306;"PARAFUSOS SEM FENDAS"
310;3699;"PECAS E COMPONENTES PARA MAQUINARIA E EQUIPAMENTOS P/INDUS TRIA ESPECIALIZADA"
311;8140;"RECIPIENTES PARA MUNICOES E EXPLOSIVOS"
312;8135;"MATERIAIS DIVERSOS PARA ACONDICIONAMENTO E EMBALAGEM"
313;8410;"VESTUARIOS EXTERIORES PARA MULHER"
314;5340;"FERRAGENS DIVERSAS"
315;7240;"RECIPIENTES DE USO DOMESTICO E COMERCIAL"
316;3433;"SOLDA A GAS, CORTE A QUENTE E EQUIPAMENTO DE METALIZACAO"
317;6533;"VESTUARIO DE USO MEDICO E ODONTOLOGICO NAO DESCARTAVEL"
318;3432;"EQUIPAMENTOS DE SOLDA A RESISTENCIA ELETRICA"
319;7320;"EQUIPAMENTOS AUXILIARES DE COZINHA"
320;6521;"EQUIPAMENTOS E APARELHOS ODONTOLOGICOS"
321;7740;"GRAVACAO FONOGRAFICA,CINEMATOGRAFICA E FITA VIRGEM"
322;6230;"APARELHOS E ARTIGOS DE ILUMINACAO ELETRICA, PORTATEIS E MANUAIS"
323;8040;"ADESIVOS"
324;5961;"DISPOSITIVOS A SEMICONDUTOR E PLACAS ASSOCIADAS (FOTOCELULA)"
325;6740;"EQUIPAMENTOS PARA REVELACAO E ACABAMENTOS FOTOGRAFICOS"
326;1005;"ARMAS DE FOGO"
327;6860;"COMPOSTOS QUIMICOS, PRODUTOS QUIMICOS E REAGENTES PARA INDUSTRIA FARMACEUTICA"
328;7210;"GUARNICOES DE USO DOMESTICO (ROUPAS DE CAMA, MESA, BANHO, ETC)"
329;8435;"CALCADOS PARA MULHER"
330;6110;"EQUIPAMENTOS PARA CONTROLE ELETRICO"
331;6401;"ACAO ENDOCRINA/CORTICOSTEROIDES"
332;2157;"ANTI-INFLAMATORIOS E ANTIRREUMATICOS"
333;2160;"ANTIGOTOSOS"
334;6463;"SISTEMA CIRCULATORIO/ANTI-HIPERTENSIVOS"
335;6415;"ANTIINFECCIOSOS/ANTIVIRAIS"
336;3695;"EQUIPAMENTOS, COMPONENTES E SUPRIMENTOS PARA INDUSTRIAS DI VERSAS"
337;3770;"MATERIAIS DIVERSOS PARA ANIMAIS"
338;6632;"PECAS E COMPONENTES PARA EQUIPAMENTOS E INSTRUMENTOS PARA ANALISE QUIMICA"
339;3620;"MAQUINAS, EQUIPAMENTOS, COMPONENTES E SUPRIMENTOS PARA INDUSTRIA DE BORRACHA, PLASTICO E PRODUTOS SINTETICOS"
340;3460;"ACESSORIOS PARA MAQUINAS-FERRAMENTA"
341;5985;"ANTENAS, GUIAS DE ONDAS E EQUIPAMENTOS CORRELATOS"
342;8920;"FARINHAS E PRODUTOS DE PANIFICACAO"
343;6445;"METABOLISMO E NUTRICAO/NUTRIENTES DE USO PARENTERAL E DIETAS ENTERAIS"
344;3625;"MAQUINAS, EQUIPAMENTOS, COMPONENTES E SUPRIMENTOS PARA INDUSTRIAS TEXTEIS"
345;3120;"MANCAIS E COMPONENTES"
346;8455;"DISTINTIVOS E INSIGNIAS"
347;9810;"MATERIAL A GRANEL, DE ORIGEM MINERAL"
348;6652;"PECAS E COMPONENTES PARA INSTRUMENTOS OPTICOS"
349;1370;"ARTIGOS PIROTECNICOS E SINALIZADORES"
350;6405;"ACAO ENDOCRINA/HORMONIOS PROGESTAGENICOS"
351;6441;"IMUNOTERAPICOS/IMUNOSSUPRESSORES"
352;9820;"TUBOS, CONDUTOS E CORRELATOS E CONEXOES, METALICOS E NAO METALICOS"
353;1615;"INSTRUMENTOS PARA AERONAVES (AVIONICOS)"
354;2915;"COMPONENTES DO SISTEMA DE COMBUSTIVEL DE MOTORES DE AERONAVES"
355;1685;"COMPONENTES E ACESSORIOS PARA AERONAVES PARA CONTRATACAO MEDIANTE FORNECIMENTO PARCELADO"
356;6467;"SISTEMA NERVOSO AUTONOMO/ADRENERGICOS"
357;6494;"USO TOPICO UTILIZADOS EM OTORRINOLARINGOLOGIA/DESCONGESTIO NANTES"
358;8450;"ARTIGOS E ACESSORIOS PARA CRIANCA E ADOLESCENTE"
359;6496;"SOLUCOES PARA DIALISE, HEMODIALISE E IRRIGACAO"
360;2945;"PURIFICADORES E FILTROS DE AR E DE OLEO DE MOTORES DE AERONAVES"
361;2805;"MOTORES A GASOLINA, ALCOOL, GAS E COMPONENTES,EXCETO DE AERONAVES E COMPONENTES"
362;6497;"APARELHO GENITURINARIO/ANTICONCEPCIONAIS E ANOVULATORIOS"
363;8945;"OLEOS E GORDURAS COMESTIVEIS"
364;1645;"COMPONENTES DO SISTEMA ELETRICO DE AERONAVES"
365;6682;"PECAS E COMPONENTES PARA INSTRUMENTOS PARA MEDICAO DE FLUXOS GAS/LIQUIDOS/NIVEL E MOVIMENTOS MECANICOS"
366;1095;"ARMAS DIVERSAS"
620;2090;"EQUIPAMENTOS, COMPONENTES E ACESSORIOS PARA EMBARCACOES"
621;7930;"COMPOSTOS E PREPARADOS PARA LIMPEZA E POLIMENTO"
622;5210;"APARELHOS E UTENSILIOS DE MEDICAO"
623;6840;"AGENTES PARA COMBATE A PRAGAS"
624;6532;"VESTUARIO DESCARTAVEL DE USO MEDICO, ODONTOLOGICO E HOSPITA LAR"
625;2595;"COMPONENTES PARA VEICULOS ESPECIAIS"
626;6527;"PECAS E COMPONENTES PARA EQUIPAMENTOS DE RAIO-X, USO MEDICO, ODONTOLOGICO E VETERINARIO"
627;7010;"EQUIPAMENTOS DE INFORMATICA -"
628;6140;"BATERIA E PILHA RECARREGAVEL E NAO-RECARREGAVEL"
629;5935;"CONECTORES ELETRICOS"
630;7360;"JOGOS E ESTOJOS DE ARTIGOS PARA REFEITORIO,COPA E COZINHA"
631;8710;"FORRAGENS E ALIMENTOS PARA ANIMAIS"
632;8310;"FIOS E LINHAS PARA COSTURA"
633;6409;"ACAO ENDOCRINA/HIPOGLICEMIANTES ORAIS"
634;3820;"EQUIPAMENTOS PARA MINERACAO, PERFURACAO DE ROCHA, TERRA ECORRELATOS"
635;8465;"EQUIPAMENTOS INDIVIDUAIS DE USOS DIVERSOS"
636;6523;"INSTRUMENTOS E UTENSILIOS ODONTOLOGICOS"
637;7290;"EQUIPAMENTOS E ARTIGOS DOMESTICOS E COMERCIAIS, DIVERSOS"
638;9920;"ARTIGOS PARA FUMANTES E PRODUTOS DE TABACO (FUMO)"
639;6448;"OFTALMICOS/AGENTES DIAGNOSTICOS E AUXILIARES CIRURGICOS"
640;3431;"EQUIPAMENTOS DE SOLDA A ARCO VOLTAICO"
641;6429;"APARELHO DIGESTIVO/CONSTIPANTES"
642;6403;"ACAO ENDOCRINA/HORMONIOS ESTROGENICOS"
643;5897;"PECA,ACESSORIO E COMPONENTE P/EQUIPAMENTO DE COMUNICACAO - EXCETO INFORMATICA"
644;6650;"INSTRUMENTOS OPTICOS"
645;5320;"REBITES"
646;6687;"PECAS E COMPONENTES PARA INSTRUMENTOS PARA CONTROLE E MEDICAO DE PRESSAO, TEMPERATURA E UMIDADE"
647;5610;"MATERIAL PARA CONSTRUCAO, A GRANEL, DE ORIGEM MINERAL"
648;6250;"REATORES(COMPENSADOS), ELEMENTOS DE PARTIDA E PORTA-LAMPADAS"
649;7220;"REVESTIMENTOS PARA PISOS"
650;8540;"PRODUTOS DE PAPEL PARA HIGIENE PESSOAL"
651;6464;"SISTEMA CIRCULATORIO/BLOQUEADORES DOS CANAIS DE CALCIO"
652;1010;"PECAS E COMPONENTES PARA ARMAS DE FOGO"
653;6422;"ANTINEOPLASICOS/ANTIBIOTICOS CITOTOXICOS"
654;6462;"SISTEMA CIRCULATORIO/ANTIARRITMICOS"
655;5970;"ISOLANTES ELETRICOS E MATERIAL ISOLANTE"
656;9825;"TINTAS, SECANTES, ADESIVOS E PRODUTOS CORRELATOS"
657;7720;"ACESSORIOS E PARTES DE INSTRUMENTOS MUSICAIS"
658;9650;"PRODUTOS PRIMARIOS E SEMIACABADOS DE METAIS NAO FERROSOS"
659;6220;"APARELHOS E ARTIGOS DE ILUMINACAO ELETRICA VEICULAR"
660;4130;"USINAS DE CONDICIONAMENTO DE AR, DE REFRIGERACAO E COMPONENTES"
661;1910;"EMBARCACOES PARA TRANSPORTE DE PASSAGEIROS"
662;5998;"CONJUNTOS ELETRICOS E ELETRONICOS PLACAS, CARTOES E CORRELATOS"
663;2599;"TINTAS, VERNIZES E PRODUTOS CORRELATOS USO AUTOMOTIVO"
664;5805;"EQUIPAMENTOS TELEFONICOS E TELEGRAFICOS"
665;8110;"TAMBORES E LATAS"
666;6479;"SISTEMA NERVOSO CENTRAL E PERIFERICO/ANTIVERTIGINOSOS"
667;8950;"CONDIMENTOS E PRODUTOS CORRELATOS"
668;8980;"PRODUTOS ALIMENTICIOS DE DISTRIBUICAO GRATUITA -"
669;9535;"FOLHAS, CHAPAS E TIRAS DE METAIS, NAO FERROSOS"
670;6531;"COMPONENTES E PECAS DE MOBILIARIO PARA USO MEDICO, HOSPITALAR E REABILITACAO"
671;1625;"ROTORES DE AERONAVES E COMPONENTES -"
672;6473;"SISTEMA NERVOSO CENTRAL E PERIFERICO/ANESTESICOS GERAIS"
673;6484;"SISTEMA NERVOSO CENTRAL E PERIFERICO/TERAPEUTICA DA DOENCA DE ALZHEIMER"
674;5140;"RECIPIENTE PARA FERRAMENTAS"
675;6485;"SISTEMA MUSCULO ESQUELETICO/ANTIGOTOSOS"
676;6443;"METABOLISMO E NUTRICAO/AGENTES PARA REPOSICAO HIDROELETROLI TICA"
677;9140;"OLEOS COMBUSTIVEIS"
678;6407;"ACAO ENDOCRINA/INIBIDORES DA SECRECAO DE PROLACTINA"
679;6414;"ANTIINFECCIOSOS/ANTIFUNGICOS"
680;6495;"USO TOPICO UTILIZADOS EM OTORRINOLARINGOLOGIA/EMOLIENTES"
681;3444;"PRENSA MANUAL"
682;6457;"ORGAOS HEMATOPOIETICOS E SANGUE/ESTIMULANTES E INIBIDORES"
683;6434;"APARELHO GENITURINARIO/OXITOCITOS"
684;2505;"COMPONENTES E ACESSORIOS DE VEICULOS PARA CONTRATACAO MEDIANTE FORNECIMENTO PARCELADO"
685;6465;"SISTEMA CIRCULARORIO/CARDIOTONICOS"
686;6426;"APARELHO DIGESTIVO/ADSORVENTES, ANTIFISETICOS E ANTIFLATULENTOS"
687;201;"ESTUDOS E PROJETOS PARA OBRAS E INSTALACOES"
688;5136;"MACHOS, COSSINETES E COLETORES"
689;4540;"EQUIPAMENTOS DIVERSOS HIDRAULICOS, SANITARIOS E DE CALEFACAO"
690;5963;"MODULOS ELETRONICOS"
691;1690;"MOTORES DE AERONAVES E COMPONENTES"
692;6459;"ORGAOS HEMATOPOIETICOS E SANGUE/FATORES E COAGULACAO E CORRELATOS"
693;9910;"ACESSORIOS E PECAS PARA ARTESANATO E BIJUTERIA"
694;6627;"PECAS E COMPONENTES P/INSTRUMENTOS DE VERIFICACAO,ENSAIO E MEDICAO DE ELETRICA E ELETRONICA"
695;6672;"COMPONENTES E ACESSORIOS PARA ESCALAS E BALANCAS"
696;2040;"FERRAGENS PARA EMBARCACOES E ITENS DO CASCO"
697;5307;"PRISIONEIROS"
698;2129;"SISTEMA RENINA-ANGIOTENSINA"
699;910;"SERVICOS DE ENCARGOS E INDENIZACOES"
700;901;"SERVICOS DE APOIO ADMINISTRATIVO, CONSERVACAO E LIMPEZA DE BENS MOVEIS E IMOVEIS E INSTALACOES"
701;710;"MANUTENCAO E REPAROS EM APARELHOS, EQUIPAMENTOS E UTENSILIOSDE COPA E COZINHA"
702;605;"OUTROS SERVICOS COM TRANSPORTE/DESLOCAMENTOS"
703;728;"MANUTENCAO E REPAROS EM EQUIPAMENTOS E SISTEMAS DE SINALIZA CAO E ALARME"
704;726;"MANUTENCAO E REPARO EM EQUIPAMENTOS PARA PURIFICACAO E TRATAMENTO DE AGUA E TRATAMENTO DE ESGOTOS"
705;709;"MANUTENCAO E REPAROS EM VIATURAS, EQUIPAMENTOS PARA MOVIMEN TACAO DE MATERIAL"
706;730;"MANUTENCAO E REPARO DE ESTRUTURA COBERTA DE LONA, POLIESTER OU OUTROS MATERIAIS"
707;604;"SERVICOS DE TRANSPORTES DE DOCUMENTOS, DE BENS E DE VALORES"
708;918;"CONTRATACAO DE PESSOAL EM SUBSTITUICAO CONFORME DETERMINA A LEI COMPLEMENTAR FEDERAL 101/2000"
709;723;"MANUTENCAO E REPARO EM FERRAMENTAS DO GRUPO DE MATERIAL 51 (FERRAMENTAS MANUAIS E COMPONENTES)"
710;504;"SERVICOS DE INFRAESTRUTURA"
711;6490;"FITOTERAPICOS"
712;506;"CERTIFICACAO DIGITAL"
713;2102;"ANTIACIDOS, INIBIDORES DA SECRECAO GASTRICA E TRATAMENTO DASULCERAS"
714;2168;"ANSIOLITICOS"
715;2130;"HIPOLIPEMIANTES"
716;2188;"ANTIDOTOS, AGENTES DESINTOXICANTES E AGENTES QUELANTES"
717;2123;"ANTI-HIPERTENSIVOS"
718;6550;"SUPRIMENTOS PARA TECNOLOGIA ASSISTIVA"
719;921;"SERVICOS PESSOA FISICA, CONFORME CLASSIFICACAO BRASILEIRA DE OCUPACOES"
720;2303;"VEICULOS MOTORIZADOS DE SERVICO PARA TRANSPORTE DE CARGA"
721;8010;"TINTAS, VERNIZES E PRODUTOS CORRELATOS"
722;7510;"ARTIGOS DE ESCRITORIO"
723;7230;"CORTINAS, TOLDOS, PERSIANAS E COMPONENTES"
724;5965;"FONES, MONOFONES, MICROFONES E ALTO-FALANTES"
725;-1;"NÃO INFORMADO"
726;5105;"FERRAMENTAS ESPECIAIS MANUTENCAO E REPAROS"
727;-2;"INVÁLIDO"
728;2535;"COMPONENTES DO SISTEMA ELETRICO DE VEICULOS"
729;7810;"MATERIAIS E EQUIPAMENTOS PARA ATLETISMO E DESPORTO"
730;6145;"FIOS, CABOS ELETRICOS E TELEFONICOS"
731;5110;"FERRAMENTAS MANUAIS, COM CORTE, NAO MOTORIZADAS"
732;6640;"SUPRIMENTOS PARA LABORATORIO"
733;7520;"UTENSILIOS DE ESCRITORIO"
734;8430;"CALCADOS PARA HOMEM"
735;6642;"PECAS E COMPONENTES PARA EQUIPAMENTOS DE LABORATORIO"
736;5450;"ESTRUTURAS DIVERSAS, PRE-FABRICADAS"
737;5345;"DISCOS, PEDRAS E CORREIAS ABRASIVAS"
738;4120;"UNIDADES COMPLETAS DE CONDICIONAMENTO DE AR E ACESSORIOS"
739;4020;"CABOS DE FIBRA, CORDOALHAS E BARBANTES"
740;8955;"PRODUTOS E PREPARADOS SOLUVEIS"
741;5133;"BROCAS, REBAIXADORES E ESCARIADORES"
742;9925;"EQUIPAMENTOS, MOBILIARIOS E SUPRIMENTOS ECLESIASTICOS"
743;6645;"INSTRUMENTOS PARA MEDICAO DE TEMPO"
744;5620;"MATERIAL PARA CONSTRUCAO, DIMENSIONADOS, NAO METALICOS"
745;2910;"COMPONENTES DE SISTEMA DE COMBUSTIVEL DE MOTORES, EXCETO DE AERONAVES"
746;3897;"ACESSORIOS E COMPONENTES PARA EQUIPAMENTOS DIVERSOS PARA CONSTRUCAO"
747;9310;"PAPEL E PAPELAO"
748;3030;"CORREIAS DE TRANSMISSAO E ACESSORIOS"
749;3950;"GUINCHOS, TALHAS, GUINDASTES E CABREAS, PECAS E COMPONENTES"
750;9845;"FERRAGENS E PRODUTOS METALICOS E PERFILADOS"
751;4525;"TANQUES E RESERVATORIOS DE AGUA E COMPONENTES"
752;9515;"FOLHAS, CHAPAS E TIRAS DE ACO/FERRO"
753;2930;"COMPONENTES DE SISTEMA DE ARREFECIMENTO DE MOTORES, EXCETO DE AERONAVES"
754;2532;"SISTEMA DE EIXO DE VEICULOS E COMPONENTES"
755;7910;"ASPIRADORES DE PO E ENCERADEIRA E SEUS COMPONENTES"
756;5940;"TERMINAIS TIPO ORELHA, JOGO DE TERMINAIS"
757;8020;"EQUIPAMENTOS E UTENSILIOS PARA PINTURA"
758;2106;"LAXATIVOS"
759;5305;"PARAFUSOS COM FENDAS"
760;4930;"EQUIPAMENTOS PARA ABASTECIMENTO DE COMBUSTIVEIS E LUBRIFICANTES"
761;6685;"INSTRUMENTOS PARA CONTROLE E MEDICAO DE PRESSAO, TEMPERATURA E UMIDADE"
762;3750;"FERRAMENTAS PARA JARDINAGEM E HORTICULTURA"
763;6417;"ANTIINFECCIOSOS/NITROFURANOS, QUINOLONAS E SULFONAMIDAS"
764;2540;"COMPONENTES DO SISTEMA DE CAPOTARIA DE VEICULOS"
765;6411;"AGENTES DIAGNOSTICOS/AUXILIARES DE DIAGNOSTICOS"
766;6483;"SISTEMA NERVOSO CENTRAL E PERIFERICO/NEUROLEPTICOS/ANTIPSICOTICOS"
767;8965;"BEBIDAS ALCOOLICAS"
768;3230;"FERRAMENTAS E IMPLEMENTOS DE MAQUINA PARA TRABALHO EM MADEIRA"
769;9330;"PRODUTOS ACABADOS DE PLASTICO"
770;9340;"PRODUTOS ACABADOS DE VIDRO"
771;6535;"INSTRUMENTOS, EQUIPAMENTOS E ARTIGOS VETERINARIOS"
772;8820;"ANIMAIS DE TRACAO, POLICIAMENTO, REPRODUCAO, ESTUDOS"
773;8915;"SEMENTES E CEREAIS BENEFICIADOS, FRUTAS, LEGUMES E HORTALICAS"
774;4410;"CALDEIRAS INDUSTRIAIS"
775;6449;"OFTALMICOS/ANESTESICOS"
776;7135;"MOBILIARIO PARA AREA DE INFORMATICA"
777;9850;"MADEIRAS, ESQUADRIAS E FOLHEADOS"
778;5810;"EQUIPAMENTOS DE COMUNICACAO,SEGURANCA E COMPONENTES -"
779;9130;"COMBUSTIVEIS LIQUIDOS E GASOSOS"
780;1680;"COMPONENTES E ACESSORIOS DIVERSOS DE AERONAVES"
781;6454;"ORGAOS HEMATOPOIETICOS E SANGUE/ANTIAGREGANTE PLAQUETARIO"
782;6455;"ORGAOS HEMATOPOIETICOS E SANGUE/ANTICOAGULANTES"
783;9135;"COMBUSTIVEIS PROPELENTES LIQUIDOS E OXIGENADORES"
784;6444;"METABOLISMO E NUTRICAO/HIPOLIPEMIANTES"
785;6350;"SISTEMAS DIVERSOS DE SINALIZACAO E ALARME"
786;6406;"ACAO ENDOCRINA/HORMONIOS TIREOIDEANOS E INIBIDORES DA FUNCAO TIREOIDEANA"
787;8335;"ARTIGOS PARA CALCADOS"
788;3815;"ACESSORIOS E PECAS DE GUINDASTE E DE GUINDASTES-ESCAVADEIRAS"
789;5630;"TUBOS, CONDUTOS E CORRELATOS, NAO METALICOS"
790;3405;"SERRAS E MAQUINA DE LIMAR"
791;3448;"MAQUINAS DE REBITAR"
792;6710;"CAMERAS CINEMATOGRAFICAS E DE ESTUDIO DE TV"
793;6452;"OFTALMICOS/UMECTANTES"
794;6430;"APARELHO DIGESTIVO/DIGESTIVOS E ANTIINFLAMATORIOS"
795;8990;"DIETA ENTERAL, FORMULA, SUPLEMENTO E MODULO NUTRICIONAL -"
796;6647;"PECAS E COMPONENTES PARA INSTRUMENTOS PARA MEDICAO DE TEMPO"
797;916;"SOFTWARES"
798;9350;"PRODUTOS ACABADOS DE REFRATARIOS"
799;6432;"APARELHO GENITURINARIO/ANTISSEPTICOS"
800;5855;"EQUIPAMENTO DE RADIACAO EMITIDA,REFLETIDA E VISAO NOTURNA"
801;3455;"FERRAMENTAS DE CORTES PARA MAQUINAS-FERRAMENTA"
802;3850;"COMPONENTES E ACESSORIOS PARA EQUIPAMENTOS DE MOVIMENTACAO EESCAVACAO DE TERRA - CONTRATACAO MEDIANTE FORN. PARCELADO"
803;6117;"SISTEMAS DE ENERGIA ELETRICA SOLAR"
804;5325;"DISPOSITIVOS DE FIXACAO"
805;1610;"HELICES DE AERONAVES E COMPONENTES"
806;101;"SERVICOS TECNICOS, ESTUDOS E PROJETOS"
807;737;"MANUTENCAO E REPARO EM EQUIPAMENTOS FERROVIARIOS"
808;908;"BENEFICIOS"
809;721;"MANUTENCAO E REPAROS EM SISTEMAS/EQUIPAMENTOS COMERCIAIS, INDUSTRIAIS E DE SERVICOS"
810;724;"MANUTENCAO E REPAROS EM AERONAVES, COMPONENTES E ACESSORIOS"
811;805;"SERVICOS DE LOCACAO DE MATERIAIS E EQUIPAMENTOS DE MIDIA"
812;6270;"EQUIPAMENTO DE INFRAESTRUTURA PARA ILUMINACAO"
813;9998;"PATRIMONIO ANTIGO - MATERIAIS NAO CLASSIFICADOS EM OUTROS GRUPOS"
814;6006;"INSTRUMENTOS DE TESTES FIBRA OPTICA"
815;2111;"VITAMINAS, SUPLEMENTOS MINERAIS E ASSOCIACOES"
816;2186;"PRODUTOS OFTALMOLOGICOS"
817;2131;"ANTI-INFECCIOSOS, ANTIBIOTICOS E ANTI-INFLAMATORIOS TOPICOS"
818;2143;"CORTICOESTEROIDES SISTEMICOS"
819;2169;"HIPNOTICOS E SEDATIVOS"
820;2165;"ANTIEPILEPTICOS"
821;2142;"HORMONIOS HIPOFISARIOS, HIPOTALAMICOS E ANALOGOS"
822;2118;"PREPARADOS ANTIANEMICOS"
823;2117;"ANTI-HEMORRAGICOS, FATORES DE COAGULACAO E CORRELATOS"
824;2122;"ESTIMULANTES CARDIACOS, CARDIOTONICOS E GLICOSIDEOS"
825;2139;"OUTROS PREPARADOS GINECOLOGICOS"
826;2195;"ANTROPOSOFICOS, FITOTERAPICOS E HOMEOPATICOS"
827;2154;"TERAPIAS ENDOCRINAS"
829;6506;"CLASSE AUXILIAR.1 DE 6505 - DROGAS,PRODUTOS BIOLOGICOS E RE AGENTES OFICINAIS (PADRONIZADOS)"
830;512;"GEOPROCESSAMENTO"
832;8495;"EQUIPAMENTOS DE PROTECAO INDIVIDUAL (EPI'S)"
831;513;"TELECOMUNICACAO"
828;2158;"PRODUTOS TOPICOS PARA DORES ARTICULARES E MUSCULARES"
833;514;"SOFTWARES PERPETUOS"
834;515;"SOFTWARE COMO SERVICO (SAAS)"
