id_linha_fornec;sqa_linha_fornec;cd_linha_fornec;nome
1831121;490;3325;"EQUIPAMENTOS PARA AUTOMACAO"
1831122;491;3410;"TRATORES AGRICOLAS"
1831123;492;3415;"COMPONENTES PARA TRATORES AGRICOLAS"
1831124;493;3420;"EQUIPAMENTOS AGRICOLAS"
1831125;494;3425;"COMPONENTES PARA EQUIPAMENTOS AGRICOLAS"
1831126;495;3430;"ARTIGOS PARA CRIACAO E TRATAMENTO DE ANIMAIS"
1831127;496;3435;"EQUIPAMENTOS PARA CONTROLE DE PRAGAS"
1831128;497;3440;"COMPONENTES DE EQUIPAMENTOS PARA CONTROLE DE PRAGAS"
1831129;498;3445;"FERRAMENTAS, UTENSILIOS E COMPONENTES PARA JARDINAGEM E HORTICULTURA"
1831130;499;3450;"COMPONENTES DE EQUIPAMENTOS E FERRAMENTAS PARA JARDINAGEM E HORTICULTURA"
1831131;500;3455;"ARTIGOS PARA ANIMAIS"
1831132;501;3460;"FORRAGENS E RACOES"
1831133;502;3465;"ANIMAIS VIVOS"
1831134;503;3470;"SEMENTES, PLANTAS E MUDAS"
1831135;504;3475;"PLANTAS E MUDAS"
1831136;505;3480;"FERTILIZANTES E SUBSTRATOS"
1831137;506;3485;"AGENTES PARA COMBATE A PRAGAS"
1831138;507;3490;"MEDICAMENTOS VETERINARIOS"
1831139;508;3495;"INSTRUMENTOS, COMPONENTES E ARTIGOS VETERINARIOS"
1831140;509;3510;"EQUIPAMENTOS PARA MOVIMENTACAO , ESCAVACAO DE TERRA E CONSERVACAO DE ESTRADAS"
1831141;510;3515;"EQUIPAMENTOS PARA MINERACAO SONDAGEM, PERFURACAO DE ROCHA E CORRELATOS"
1831142;511;3520;"COMPONENTES P/ EQUIPAMENTOS DE MINERACAO,SONDAGEM,PERFURACAO DE ROCHA,MOVIMENTACAO,ESCAVACAO DE TERRA,CONSERVACAO DE ESTRADAS E GUINDASTES"
1831143;512;3525;"GUINDASTES, GUINDASTES ESCAVADEIRAS E COMPONENTES"
1831144;513;3530;"EQUIPAMENTOS E ARTIGOS PARA SINALIZACAO DE TRANSITO"
1831145;514;3610;"TRANSPORTADORES MECANICOS E COMPONENTES"
1831146;515;3615;"ELEVADORES E ESCADAS ROLANTES"
1831147;516;3620;"COMPONENTES PARA ELEVADORES E ESCADAS ROLANTES"
1831148;517;3625;"EQUIPAMENTOS NAO PROPULSIONADOS PARA MOVIMENTACAO DE MATERIAIS"
1831149;518;3630;"COMPONENTES PARA EQUIPAMENTOS NAO PROPULSIONADOS"
1831150;519;3635;"VEICULOS AUTOPROPULSIONADOS PARA ARMAZEM"
1831151;520;3640;"COMPONENTES PARA VEICULOS AUTOPROPULSIONADOS"
1831152;521;3710;"CABOS DE ACO, CORDOALHAS E CORRENTES"
1831153;522;3715;"COMPONENTES PARA CABOS DE ACO, CORDOALHAS E CORRENTES"
1831154;523;3720;"CABOS DE FIBRA E COMPONENTES"
1831155;524;3725;"COMPONENTES PARA CABOS DE FIBRA"
1831156;525;3810;"EQUIPAMENTOS DE REFRIGERACAO"
1831157;526;3815;"EQUIPAMENTOS INDUSTRIAIS DE VENTILACAO E CIRCULACAO"
1831158;527;3820;"EQUIPAMENTOS DE CONDICIONAMENTO DE AR"
1831159;528;3825;"COMPONENTES E ACESSORIOS PARA EQUIPAMENTOS DE REFRIGERACAO, CONDICIONAMENTO DE AR, VENTILACAO E CIRCULACAO"
1831160;529;3910;"ARTIGOS E COMPONENTES PARA COMBATE A INCENDIO"
1831161;530;3915;"EQUIPAMENTOS, COMPONENTES, ACESSORIOS E ARTIGOS PARA RESGATE, BUSCA E SALVAMENTO"
1831162;531;3920;"EQUIPAMENTOS, COMPONENTES E ACESSORIOS PARA BUSCA E SALVAMENTO"
1831163;532;3925;"COMPONENTES E ACESSORIOS PARA PROTECAO INDIVIDUAL"
1831164;533;3930;"EQUIPAMENTOS E ARTIGOS PARA DETECCAO, ALARME E SEGURANCA PATRIMONIAL"
1831165;534;4010;"COMPRESSORES E BOMBAS DE VACUO"
1831166;535;4015;"COMPRESSORES E BOMBAS DE VACUO, BOMBAS MANUAIS, MECANICA,MOTO BOMBAS"
1831167;536;4020;"CENTRIFUGAS, SEPARADORES, FILTROS A PRESSAO E A VACUO_E BOMBAS SIMPLES"
1831168;537;4025;"COMPONENTES PARA BOMBAS E COMPRESSORES"
1831169;538;4110;"EQUIPAMENTOS PARA PURIFICACAO DE AGUA E COMPONENTES(CONSUMO)"
1831170;539;4115;"EQUIPAMENTOS E ARTIGOS PARA TRATAMENTO DE ESGOTOS E EFLUENTES_(PERMA NENTE)"
1831171;540;4210;"TUBOS, CONDUTOS, MANGUEIRA, TUBULACOES FLEXIVEIS E CORRELATOS"
1831172;541;4215;"MANGUEIRAS E TUBULACOES FLEXIVEIS"
1831173;542;4220;"CONEXOES E ACESSORIOS PARA TUBOS E MANGUEIRAS"
1831174;543;4310;"VALVULAS, REGISTROS E COMPONENTES"
1831175;544;4315;"REGISTROS E COMPONENTES"
1831176;545;4410;"FERRAMENTAS MOTORIZADAS E NAO MOTORIZADAS(CONSUMO)"
1831177;546;4415;"FERRAMENTAS MOTORIZADAS E NAO MOTORIZADAS(PERMANENTE)"
1831178;547;4420;"COMPONENTES E ACESSORIOS PARA FERRAMENTAS"
1831179;548;4510;"FERRAGENS"
1831180;549;4515;"MATERIAIS DE FIXACAO E VEDACAO"
1831181;550;4520;"MATERIAIS PARA VEDACAO"
1831182;551;4525;"TELAS E TECIDOS METALICOS"
1831183;552;4530;"MATERIAIS ABRASIVOS"
1831184;553;4610;"ESTRUTURAS PRE-FABRICADAS"
1831185;554;4615;"ESTRUTURAS PRE FABRICADAS DE CONCRETO, MADEIRA E METAL (CONSUMO)"
1831186;555;4620;"ESTRUTURAS PRE FABRICADAS DE MADEIRA"
1831187;556;4625;"ESTRUTURAS PRE-FABRICADAS DE CONCRETO, MADEIRA E METAL"
1831188;557;4630;"TANQUES DE ARMAZENAGEM E COMPONENTES"
1831189;558;4710;"MATERIAIS PARA CONSTRUCAO"
1831190;559;4715;"MADEIRAS E PRODUTOS DERIVADOS"
1831191;560;4720;"PORTAS, JANELAS, PORTOES E CERCADOS"
1831192;561;4725;"TINTAS, VERNIZES, ARTIGOS PARA PINTURA E CORRELATOS"
1831193;562;4730;"ADESIVOS"
1831194;563;4735;"MATERIAL PARA ISOLAMENTOS TERMICO E ACUSTICO"
1831195;564;4740;"MATERIAIS PARA COBERTURAS"
1831196;565;4745;"PECAS E ACESSORIOS HIDRAULICO SANITARIOS"
1831197;566;4750;"PISOS, AZULEJOS E MATERIAIS PARA ACABAMENTO"
1831198;567;4755;"MATERIAIS DIVERSOS PARA CONSTRUCAO"
1831199;568;4760;"EQUIPAMENTOS PARA CONSTRUCAO CIVIL"
1831200;569;4765;"COMPONENTES E ACESSORIOS PARA EQUIPAMENTOS DE CONSTRUCAO CIVIL"
1831201;570;4810;"EQUIPAMENTOS DE COMUNICACAO"
1831202;571;4815;"COMPONENTES E ACESSORIOS PARA EQUIPAMENTOS DE COMUNICACAO"
1831203;572;4820;"FIBRA OPTICA, CABOS E COMPONENTES"
1831204;573;4825;"CABOS TELEFONICOS"
1831205;574;4910;"ARTIGOS E COMPONENTES ELETRICOS E ELETRONICOS"
1831206;575;4915;"ARTIGOS E COMPONENTES ELETRICOS"
1831207;576;4920;"ANTENAS E CORRELATOS"
1831208;577;4925;"BATERIAS, PILHAS E ACUMULADORES ELETRICOS"
1831209;578;5010;"MOTORES, GERADORES, BOBINAS E TRANSFORMADORES ELETRICOS"
1831210;579;5015;"EQUIPAMENTOS E COMPONENTES PARA CONTROLE ELETRICO"
1831211;580;5020;"CABOS ELETRICOS"
1831212;581;5025;"APARELHOS E ARTIGOS DE ILUMINACAO ELETRICA"
1831213;582;5030;"EQUIPAMENTOS E COMPONENTES PARA GERACAO/DISTRIBUICAO DE ENERGIA ELETRICA"
1831214;583;5035;"CELULA COMBUSTIVEL,COMPONENTES E ACESSORIOS"
1831215;584;5040;"EQUIPAMENTOS DE ILUMINACAO"
1831216;585;5110;"INSTRUMENTOS ODONTOLOGICOS"
1831217;586;5115;"EQUIPAMENTOS, MOBILIARIOS E ACESSORIOS ODONTOLOGICOS"
1831218;587;5120;"COMPONENTES PARA EQUIPAMENTOS DE USO ODONTOLOGICO"
1831219;588;5121;"EQUIPAMENTOS E ARTIGOS ODONTOLOGICOS NAO CONSIDERADOS CORRELATOS"
1831220;589;5125;"SUPRIMENTOS ODONTOLOGICOS"
1831221;590;5210;"INSTRUMENTOS MEDICOS-HOSPITALARES, COMPONENTES E ACESSORIOS"
1831222;591;5215;"EQUIPAMENTOS MEDICOS HOSPITALARES"
1831223;592;5220;"COMPONENTES E SUBCOMPONENTES DE EQUIPAMENTOS MEDICOS-HOSPITALARES"
1831224;593;5225;"ACESSORIOS MEDICOS-HOSPITALARES"
1831225;594;5230;"MOBILIÁRIO MÉDICO-HOSPITALAR"
1831226;595;5235;"MATERIAL E SUPRIMENTO MEDICO-HOSPITALAR"
1831227;596;5240;"SUPRIMENTOS MEDICOS HOSPITALARES"
1831228;597;5245;"SUPRIMENTOS PARA OFTALMOLOGIAA"
1831229;598;5246;"SUPRIMENTOS PARA OFTALMOLOGIA NAO CONSIDERADOS CORRELATOS"
1831230;599;5250;"SUPRIMENTOS PARA ORTOPEDIA E FISIOTERAPIA"
1831231;600;5255;"SUPRIMENTOS PARA RADIOLOGIA"
1831232;601;5260;"SUPRIMENTOS PARA ORTOPEDIA"
1831233;602;5310;"MEDICAMENTOS ALOPATICOS"
1831234;603;5315;"MEDICAMENTOS MANIPULADOS"
1831235;604;5320;"CONTRASTES RADIOLOGICOS E AUXILIARES DE DIAGNOSTICOS"
1831236;605;5325;"MEDICAMENTOS FITOTERAPICOS"
1831237;941;554;"SERVICOS DE AUTOMACAO INDUSTRIAL"
1831238;981;797;"SERVICOS DE CONSULTORIA EM AREA LOGISTICA"
1831239;1001;1060;"COMPONENTES E ACESSORIOS PARA ARMAS DIVERSAS"
1831240;1041;798;"SERVICO DE EDUCACAO PROFISSIONAL - CURSOS"
1831241;1101;662;"FORNECIMENTO DE AGUA E COLETA E TRATAMENTO DE ESGOTO"
1831242;1102;663;"FORNECIMENTO DE GAS"
1831243;1143;664;"PLANTIO AGRICOLA E PASTAGEM"
1831244;1163;488;"MANUTENCAO E REPARO EM INSTRUMENTO DE NAVEGACAO"
1831245;1183;331;"INSTALACAO E MONTAGEM DE PROTETOR DE PAREDE, PORTA E CANTO"
1831246;1203;557;"GESTAO DE CENTRAL DE MATERIAL E ESTERILIZACAO CME"
1831247;1303;558;"LOCACAO DE EQUIPAMENTOS E MATERIAIS DIVERSOS PARA ANIMAIS"
1831248;1323;926;"CONFECCAO DE REPLICAS DE FOSSEIS"
1831249;1343;667;"PINTURA ARTISTICA"
1831250;1363;668;"SERVICO DE ESTINOTIPIA OU TAQUIGRAFIA"
1831251;1383;5440;"FERRAMENTAS, EQUIP. E INSTRUMENTOS P/ OFICINA, MEDICAO E INSPECAO"
1831252;1403;559;"SERVICOS DE REGULACAO URBANA"
1831253;1483;669;"SERVICO DE VIGILANCIA DESARMADA"
1831254;1484;670;"SERVICO DE RECEPCAO, CONTROLE E OPERACAO DE PORTARIA"
1831255;1503;1603;"SERVICOS DE TRANSBORDO, TRATAMENTO E DISPOSICAO FINAL DE RESIDUOS SOLIDOS"
1831256;1523;1604;"SERVICO TECNICO ESPECIALIZADO EM ENGENHARIA ELETRICA"
1831257;1643;6320;"PECAS E COMPONENTES PARA EQUIPAMENTOS GINASTICA, DESPORTO E RECREACAO"
1831258;1803;491;"MANUTENCAO E ADAPTACAO EM EQUIPAMENTOS MEDICOS HOSPITALARES E LABORATORIAIS COM PECAS E ACESSORIOS"
1831259;1804;492;"MANUTENCAO E RECARGA DE EXTINTORES DE INCENDIO COM PECAS E ACESSORIOS"
1831260;1805;494;"MANUTENCAO EM EQUIPAMENTOS DE TELECOMUNICACOES COM PECAS E ACESSO RIOS"
1831261;1806;493;"MANUTENCAO EM INSTRUMENTOS E EQUIPAMENTOS DE LABORATORIO, ENSAIO E MEDICAO COM PECAS E ACESSORIOS"
1831262;1807;495;"MANUTENCAO EM EQUIPAMENTOS, COMPONENTES E SISTEMAS DE SEGURANCA ELETRONICA COM PECAS E ACESSORIOS"
1831263;1823;496;"MANUTENCAO EM EQUIPAMENTOS AGROPECUARIOS E AGRICOLAS"
1831264;1824;497;"MANUTENCAO EM EQUIPAMENTOS DE COMBATE A INCENDIO COM PECAS E ACESSO RIOS"
1831265;1825;498;"MANUTENCAO EM MAQUINAS E EQUIPAMENTOS DE ESCRITORIO COM PECAS E ACESSORIOS"
1831266;1826;332;"INSTALACAO E/OU MONTAGEM DE EQUIPAMENTOS DE INFORMATICA COM PECAS E ACESSORIOS"
1831267;1827;333;"INSTALACAO E/OU MONTAGEM DE EQUIPAMENTOS DE REFRIGERACAO E DE AR CONDICIONADO COM PECAS E ACESSORIOS"
1831268;1828;334;"INSTALACAO E/OU MONTAGEM DE SISTEMAS DE SEGURANCA PATRIMONIAL COM PECAS E ACESSORIOS"
1831269;1829;335;"INSTALACAO E/OU MONTAGEM DE EQUIPAMENTOS ELETROMECANICOS COM PECAS E ACESSORIOS"
1831270;1830;336;"INSTALACAO E/OU MONTAGEM DE ELEVADORES, ESCADAS E RAMPAS ROLANTES COM PECAS E ACESSORIOS"
1831271;1831;499;"MANUTENCAO EM EQUIPAMENTOS DE INFORMATICA COM PECAS E ACESSORIOS"
1831272;1832;1701;"MANUTENCAO DE EQUIPAMENTO DE INFORMATICA - PARA EQUIPAMENTO NOVO"
1831273;1833;1702;"MANUTENCAO E ADAPTACAO EM EQUIPAMENTOS MEDICOS HOSPITALARES E LABORATORIAIS - PARA EQUIPAMENTO NOVO"
1831274;1834;1703;"MANUTENCAO E RECARGA DE EXTINTORES DE INCENDIO - PARA EQUIPAMENTO NOVO"
1831275;1835;1704;"MANUTENCAO EM EQUIPAMENTOS DE COMBATE A INCENDIO - PARA EQUIPAMENTO NOVO"
1831276;1836;1705;"MANUTENCAO EM EQUIPAMENTOS DE TELECOMUNICACOES - PARA EQUIPAMENTO NOVO"
1831277;1837;1706;"MANUTENCAO EM INSTRUMENTOS E EQUIPAMENTOS DE LABORATORIO, ENSAIO E MEDICAO - PARA EQUIPAMENTO NOVO"
1831278;1838;1707;"MANUTENCAO EM EQUIPAMENTOS AGROPECUARIOS - PARA EQUIPAMENTO NOVO"
1831279;1839;1708;"MANUTENCAO EM EQUIPAMENTOS, COMPONENTES E SISTEMAS DE SEGURANCA ELETRONICA - PARA EQUIPAMENTO NOVO"
1831280;1840;1709;"MANUTENCAO EM MAQUINAS E EQUIPAMENTOS DE ESCRITORIO - PARA EQUIPA MENTO NOVO"
1831281;1843;1615;"SERVICO DE CONSULTORIA E ASSESSORIA EM SISTEMA OU GESTAO DE QUALIDADE"
1831282;2003;1235;"EQUIPAMENTOS PARA MANUTENCAO DE AERONAVES"
1831283;2023;1240;"ARTIGOS PARA AERONAVES"
1831284;2024;1245;"EQUIPAMENTOS PARA SERVICOS DE AEROPORTOS E AERODROMOS"
1831285;2083;5410;"ARTIGOS E COMPONENTES DE MEDICAO E CONTROLE DE TEMPERATURA"
1831286;2163;5441;"UTENSILIOS PARA LABORATORIO"
1831287;2164;5951;"UTENSILIOS PARA REFEITORIO E COZINHA INDUSTRIAL"
1831288;2203;1711;"MANUTENCAO E REPARO EM EQUIPAMENTOS DE AUTOMACAO"
1831289;2243;4746;"EQUIPAMENTOS HIDRAULICO SANITARIOS"
1831290;2283;1616;"AVALIACAO E APURACAO DO VALOR VENAL DE BENS MOVEIS E IMOVEIS"
1831291;2453;5311;"MEDICAMENTOS ALOPATICOS"
1831292;2454;5316;"MEDICAMENTOS MANIPULADOS"
1831293;2455;5321;"CONTRASTES RADIOLOGICOS E AUXILIARES DE DIAGNOSTICOS"
1831294;2456;5326;"MEDICAMENTOS FITOTERAPICOS"
1831295;2457;5711;"EQUIPAMENTOS, SUPRIMENTOS, COMPONENTES, ACESSORIOS E PERIFERICOS PARA INFORMATICA"
1831296;2458;5811;"MOBILIARIO, COMPONENTES E PECAS"
1831297;2459;5911;"ARTIGOS PARA CAMA, MESA E BANHO"
1831298;2460;5921;"TAPETES, CORTINAS, TOLDOS, PERSIANAS E COMPONENTES"
1831299;2461;5931;"ELETRODOMESTICOS, COMPONENTES E ACESSORIOS"
1831300;2462;5941;"ARTIGOS, COMPONENTES E UTENSILIOS PARA COZINHA INDUSTRIAL"
1831301;2463;6011;"ARTIGOS DE PAPELARIA E MATERIAL DE ESCRITORIO"
1831302;2464;6026;"EQUIPAMENTOS DE ESCRITORIO, COMPONENTES E PECAS"
1831303;2465;6111;"LIVROS E PUBLICACOES"
1831304;2466;6211;"INSTRUMENTOS MUSICAIS E EQUIPAMENTOS DE AUDIO/SONORIZACAO E VIDEO"
1831305;2467;6312;"EQUIPAMENTOS, ARTIGOS, PECAS E COMPONENTES PARA RECREACAO E DESPORTO"
1831306;2468;6411;"EQUIPAMENTOS E MATERIAIS PARA CONSERVACAO E LIMPEZA"
1831307;2469;6511;"MATERIAL PARA ACONDICIONAMENTO E EMBALAGENS"
1831308;2470;6611;"TECIDOS, AVIAMENTOS, ARTIGOS E MATERIAL PARA COSTURA E ESTOFAMENTO"
1831309;2471;6711;"VESTUARIO E CALCADOS"
1831310;2472;6712;"FARDAMENTO"
1831311;2473;6911;"ARTIGOS, UTENSILIOS PARA HIGIENE PESSOAL"
1831312;2474;7011;"GENEROS ALIMENTICIOS E BEBIDAS"
1831313;2475;7111;"COMBUSTIVEIS, LUBRIFICANTES E DERIVADOS"
1831314;2476;7131;"CILINDROS PARA GASES, COMPONENTES E ACESSORIOS"
1831315;2477;7211;"PRODUTOS DE TRANSFORMACAO METALICOS E NAO METALICOS"
1831316;2478;7311;"MINERIOS, MINERAIS E SEUS PRODUTOS PRIMARIOS E SEMI ACABADOS"
1831317;2479;7436;"ARTIGOS DE PROPAGANDA E BRINDES"
1831318;2480;7441;"ARTIGOS DE VALOR HISTORICO E CULTURAL"
1831319;2481;7456;"ARTIGOS DE ARTESANATO E RESTAURAÇAO DE LIVROS E OBRAS DE ARTE"
1831320;2482;1526;"BICICLOS, TRICICLOS E QUADRICICLOS"
1831321;2483;1536;"VEICULOS DE TRACAO ANIMAL"
1831322;2484;1561;"PNEUS E CAMARAS DE AR"
1831323;2485;1566;"EQUIPAMENTOS, FERRAMENTAS E ACESSORIOS PARA MANUTENCAO DE VEICULOS"
1831324;2503;1512;"BICICLOS, TRICICLOS E QUADRICICLOS"
1831325;2504;1513;"VEICULOS DE TRACAO ANIMAL"
1831326;2505;1514;"PNEUS E CAMARAS DE AR"
1831327;2506;1516;"EQUIPAMENTOS, FERRAMENTAS E ACESSORIOS PARA MANUTENCAO DE VEICULOS"
1831328;2507;3312;"EQUIPAMENTOS PARA AUTOMACAO"
1831329;2508;3913;"EQUIPAMENTOS,COMPONENTES E ACESSORIOS PARA PROTECAO INDIVIDUAL - EPI"
1831330;2509;3914;"EQUIPAMENTOS E ARTIGOS DE SEGURANCA PATRIMONIAL"
1831331;2510;4512;"FERRAGENS, ABRASIVOS, MATERIAIS PARA VEDACAO E FIXACAO"
1831332;2511;5013;"EQUIPAMENTOS, APARELHOS E ARTIGOS DE ILUMINACAO"
1831333;2512;5112;"SUPRIMENTOS ODONTOLOGICOS"
1831334;2513;5212;"EQUIPAMENTO MEDICO-HOSPITALAR, COMPONENTES E ACESSORIOS"
1831335;2514;5312;"MEDICAMENTOS MANIPULADOS"
1831336;2515;5313;"CONTRASTES RADIOLOGICOS E AUXILIARES DE DIAGNOSTICOS"
1831337;2516;5314;"MEDICAMENTOS FITOTERAPICOS"
1831338;2517;5913;"TAPETES, CORTINAS, TOLDOS, PERSIANAS E COMPONENTES"
1831339;2518;5916;"ELETRODOMESTICOS, COMPONENTES E ACESSORIOS"
1831340;2519;5918;"ARTIGOS, COMPONENTES E UTENSILIOS PARA COZINHA INDUSTRIAL"
1831341;2520;6012;"EQUIPAMENTOS DE ESCRITORIO, COMPONENTES E PECAS"
1831342;2521;7112;"CILINDROS PARA GASES, COMPONENTES E ACESSORIOS"
1831343;2522;7413;"ARTIGOS DE PROPAGANDA E BRINDES"
1831344;2523;7414;"ARTIGOS DE VALOR HISTORICO E CULTURAL"
1831345;2524;7417;"ARTIGOS DE ARTESANATO E RESTAURACAO DE LIVROS E OBRAS DE ARTE"
1831346;2543;127;"ESTUDOS E PROJETOS DE AEROFOTOGRAMETRIA E AGRIMENSURA"
1831347;2544;128;"ESTUDOS E PROJETOS DE ENGENHARIA CIVIL"
1831348;2545;129;"PROJETOS, ESTUDOS E SERVICOS DE SONDAGENS E FUNDACOES"
1831349;2546;130;"ESTUDOS E PROJETOS DE TELECOMUNICACOES"
1831350;2547;245;"OBRAS E SERVICOS DE ENGENHARIA DE ESTRADAS"
1831351;2548;246;"SERVICOS E INSTALACOES DE REDES FISICA E LOGICA E DE TELECOMUNICACOES"
1831352;2549;247;"SERVICOS DE ENGENHARIA AMBIENTAL"
1831353;2550;337;"INSTALACAO E MONTAGEM DE BOX, BANCADAS E DIVISORIAS"
1831354;2551;338;"INSTALACAO E MONTAGEM DE EQUIPAMENTOS"
1831355;2552;340;"INSTALACAO E/OU MONTAGEM DE SISTEMAS DE SEGURANCA PATRIMONIAL"
1831356;2553;1713;"MANUTENCAO E REPAROS EM AERONAVES,COMPONENTES E ACESSORIOS E EQUIPAMENTOS DE OFICINA"
1831357;2554;1714;"MANUTENCAO EM EQUIPAMENTOS DE BUSCA, SEGURANCA E SALVAMENTO E COMBATE A INCENDIO"
1831358;2555;1715;"MANUTENCAO E REPARO EM EQUIPAMENTOS PARA CONSTRUCAO CIVIL E MINERACAO"
1831359;2556;1716;"MANUTENCAO EM MAQUINAS E EQUIPAMENTOS DE ESCRITORIO"
1831360;2557;1717;"MANUTENCAO EM EQUIPAMENTO MEDICO, HOSPITALAR, ODONTOLOGICO E DE LABORATORIO"
1831361;2558;339;"INSTALACAO E MONTAGEM EM EQUIPAMENTO MEDICO, HOSPITALAR, ODONTOLOGICO E DE LABORATORIO"
1831362;2559;1718;"MANUTENCAO EM VEICULOS"
1831363;2560;1719;"MANUNTENCAO E REPARO EM EQUIPAMENTOS PARA PURIFICACAO E TRATAMENTO DE AGUA E ESGOTO"
1831364;2561;563;"LOCACAO DE EQUIPAMENTOS PARA TELECOMUNICACOES"
1831365;2563;564;"LOCACAO DE EQUIPAMENTOS E MOBILIARIO ESCRITORIO,INFORMATICA E REPROGRAFIA"
1831366;2564;565;"LOCACAO DE EQUIPAMENTOS, ARTIGOS E MOBILIARIO HOSPITALAR, ODONTOLOGICOE LABORATORIAL"
1831367;2565;1617;"SERVICOS DE AUDITORIA OU PERICIA (EXCETO OBRAS)"
1831368;2566;1618;"SERVICO DE CONSULTORIA OU ASSESSORIA"
1831369;2567;1619;"SERVICOS TECNICOS PROFISSIONAIS"
1831370;2583;244;"OBRAS E SERVICOS DE ENGENHARIA CIVIL"
1831371;2603;5611;"MATERIAIS PARA TREINAMENTO DIDATICO"
1831372;2623;4212;"EQUIPAMENTOS, MATERIAIS,COMPONENTES E ESTRUTURAS PARA CONSTRUCAO CIVIL"
1831373;2643;5442;"EQUIPAMENTOS E ARTIGOS DE LABORATORIO, COMPONENTES E ACESSORIOS"
1831374;606;5411;"PADROES E INSTRUMENTOS DE MEDICAO DE CARACTERISTICAS GEOMETRICAS"
1831375;607;5412;"PADROES E INSTRUMENTOS DE MEDICAO DE DUREZA"
1831376;608;5413;"PADROES E INSTRUMENTOS DE MEDICAO E CONTROLE DE GRANDEZAS ELETRICAS, MAGNETICAS E ELETROMAGNETICAS"
1831377;609;5414;"INSTRUMENTOS E COMPONENTES DE MEDICAO DE TEMPO"
1831378;610;5415;"INSTRUMENTOS DE MEDICAO E CONTROLE DE VELOCIDADE"
1831379;611;5416;"INSTRUMENTOS E COMPONENTES DE MEDICAO E CONTROLE DE PRESSAO"
1831380;612;5417;"INSTRUMENTOS E COMPONENTES DE MEDICAO E CONTROLE DE TEMPERATURA"
1831381;613;5418;"INSTRUMENTOS E COMPONENTES DE MEDICAO E CONTROLE DE FORCA"
1831382;614;5419;"INSTRUMENTOS DE MEDICAO DE TORQUE"
1831383;615;5420;"INSTRUMENTOS E COMPONENTES DE MEDICAO DE MASSA"
1831384;616;5421;"INSTRUMENTOS DE MEDICAO E CONTROLE DE RADIACOES IONIZANTES"
1831385;617;5422;"INSTRUMENTOS DE MEDICAO E CONTROLE DE VAZAO E VELOCIDADE DE FLUIDOS"
1831386;618;5423;"EQUIPAMENTOS E COMPONENTES PARA ENSAIOS E ANALISES QUIMICAS"
1831387;619;5424;"EQUIPAMENTOS E COMPONENTES PARA ANALISES DE SOLOS E ASFALTOS"
1831388;620;5425;"EQUIPAMENTOS PARA ENSAIOS EM MADEIRAS"
1831389;621;5426;"EQUIPAMENTOS E COMPONENTES PARA ENSAIOS EM EXPLOSIVOS"
1831390;622;5427;"EQUIPAMENTOS PARA ENSAIOS NAO DESTRUTIVOS"
1831391;623;5428;"EQUIPAMENTOS E COMPONENTES PARA ANALISES METEOROLOGICAS"
1831392;624;5429;"INSTRUMENTOS PARA TOPOGRAFIA, CARTOGRAFIA E DESENHO"
1831393;625;5430;"INSTRUMENTOS PARA MEDICAO E CONTROLE DE UMIDADE"
1831394;626;5431;"INSTRUMENTOS OPTICOS E COMPONENTES"
1831395;627;5432;"EQUIPAMENTOS DE LABORATORIO"
1831396;628;5433;"ARTIGOS DE LABORATORIO, COMPONENTES E ACESSORIOS"
1831397;629;5434;"EQUIPAMENTOS E ARTIGOS DE LABORATORIO NAO CONSIDERADOS CORRELATOS"
1831398;630;5435;"VIDRARIAS E PLASTICOS PARA LABORATORIO"
1831399;631;5436;"SUPRIMENTOS PARA LABORATORIO"
1831400;632;5437;"REAGENTES E PRODUTOS QUIMICOS"
1831401;633;5438;"EQUIPAMENTOS E INSTRUMENTOS PARA NAVEGACAO"
1831402;741;789;"SERVICOS ESPECIALIZADOS EM AREA FINANCEIRA/BANCARIA"
1831403;761;658;"SERVICOS DE ESCRITORIO RELACIONADOS A TECNOLOGIA DA INFORMACAO"
1831404;762;790;"SERVICOS ESPECIALIZADOS EM REDE IP MULTISSERVICOS"
1831405;763;791;"SERVICOS DE HOSPEDAGEM DE SISTEMAS DE INFORMACAO"
1831406;764;792;"SERVICOS ESPECIALIZADOS EM SEGURANCA DA INFORMACAO"
1831407;765;793;"GESTAO DE AMBIENTE DE TECNOLOGIA DE INFORMACAO"
1831408;766;794;"DESENVOLVIMENTO, IMPLANTACAO E MANUTENCAO EM SISTEMAS DE INFORMACAO, SITIOS E INTRANET"
1831409;821;6430;"ARTIGOS DE CONSERVACAO E LIMPEZA"
1831410;841;796;"SERVICO ESPECIALIZADO DE ABATEDOURO/FRIGORIFICO"
1831411;901;242;"SERVICOS DE INSTALACAO DE TUBULACOES PREDIAIS"
1831412;881;551;"LOCACAO DE MOBILIARIO HOSPITALAR, ODONTOLOGICO, LABORATORIAL, VETERINARIO"
1831413;-1;-1;"NÃO INFORMADO"
1831414;-2;-2;"INVÁLIDO"
1831415;-3;-3;"NÃO SE APLICA"
1831416;-4;-4;"INEXISTENTE"
1831417;26;126;"ELABORACAO DE NORMAS E ESPECIFICACOES TECNICAS NA AREA DE ENGENHARIA"
1831418;27;201;"SERVICOS DE ACABAMENTO E REVESTIMENTOS"
1831419;28;202;"SERVICOS DE AVALIACAO, PERICIA E VISTORIA"
1831420;29;203;"SERVICOS DE COBERTURAS"
1831421;30;204;"OBRAS DE CONTENCAO"
1831422;31;205;"SERVICOS DE FORNECIMENTO DE EMULSAO ASFALTICA E DERIVADOS"
1831423;32;206;"SERVICOS DE DEMOLICAO"
1831424;33;207;"OBRAS DE DRENAGEM"
1831425;34;208;"EDIFICACOES E SERVICOS DE ENGENHARIA CIVIL"
1831426;35;209;"OBRAS E SERVICOS DE ENGENHARIA DE ESTRADAS"
1831427;36;210;"SERVICOS DE ENGENHARIA DE SEGURANCA"
1831428;37;211;"OBRAS E SERVICOS DE ENGENHARIA SANITARIA"
1831429;38;212;"CONSTRUCAO DE ESTRUTURAS DE CONCRETO"
1831430;39;213;"SERVICOS DE MONTAGEM DE ESTRUTURAS DE MADEIRA"
1831431;40;214;"SERVICOS DE MONTAGEM DE ESTRUTURAS METALICAS"
1831432;41;215;"SERVICOS DE FISCALIZACAO E SUPERVISAO DE OBRAS"
1831433;42;216;"SERVICOS DE GEOTECNIA"
1831434;43;217;"SERVICOS DE IMPERMEABILIZACAO"
1831435;44;218;"SERVICOS DE INSTALACOES DE REDES FISICA,LOGICA E DE TELECOMUNICACAO"
1831436;45;219;"SERVICOS DE INSTALACAO E MANUTENCAO DE REDES ELETRICAS"
1831437;46;220;"SERVICOS DE INSTALACOES HIDRAULICAS ESPECIAIS"
1831438;47;221;"SERVICOS DE MONTAGEM E MANUTENCAO DE INSTALACOES HIDRO SANITARIAS PREDIAIS"
1831439;48;222;"SERVICOS DE MONTAGEM E MANUTENCAO DE INSTALACOES TELEFONICAS"
1831440;49;223;"SERVICOS DE LIMPEZA URBANA E ATERRO SANITARIO"
1831441;50;224;"SERVICOS DE CONSTRUCAO E MANUTENCAO DE OBRAS DE ARTE ESPECIAIS"
1831442;51;225;"OBRAS COMPLEMENTARES"
1831443;52;226;"SERVICOS DE PAISAGISMO"
1831444;53;227;"OBRAS DE PAVIMENTACAO ASFALTICA"
1831445;54;228;"OBRAS DE PAVIMENTACAO EM CONCRETO E INTERTRAVADOS"
1831446;55;229;"SERVICOS DE PERFURACAO, INSTALACAO E MANUTENCAO DE POCOS"
1831447;56;230;"SERVICOS DE RECUPERACAO ESTRUTURAL"
1831448;57;231;"SERVICOS DE ENGENHARIA AMBIENTAL"
1831449;58;232;"SERVICOS DE REFORMA E ADAPTACAO DE BENS IMOVEIS"
1831450;59;233;"SERVICOS DE SONDAGENS"
1831451;60;234;"SERVICOS DE INSTALACAO E MANUTENCAO DE SISTEMAS DE PROTECAO CONTRA DESCARGAS ATMOSFERICAS"
1831452;61;235;"SERVICOS DE INSTALACAO E MANUTENCAO DE SINALIZACAO VIARIA E AEROPORTUARIA"
1831453;62;236;"SERVICOS DE TERRAPLENAGEM"
1831454;63;238;"SERVICO DE INCINERACAO INDUSTRIAL DE REJEITOS QUIMICOS"
1831455;64;239;"SERVICOS DE ESCAVACAO"
1831456;65;240;"SERVICOS DE FUNDACOES"
1831457;66;241;"SERVICOS DE ENGENHARIA AMBIENTAL"
1831458;67;301;"INSTALACAO E/OU MONTAGEM DE BOMBAS E COMPRESSORES"
1831459;68;302;"INSTALACAO E/OU MONTAGEM DE CALDEIRAS"
1831460;69;303;"INSTALACAO E/OU MONTAGEM DE COMPORTADORES E INCINERADORES DE LIXO"
1831461;70;304;"INSTALACAO E/OU MONTAGEM DE COZINHAS INDUSTRIAIS"
1831462;71;305;"INSTALACAO E/OU MONTAGEM DE DIVISORIAS"
1831463;72;306;"INSTALACAO E/OU MONTAGEM ELETRICA/ELETRONICA"
1831464;73;307;"INSTALACAO E/OU MONTAGEM DE ELEVADORES, ESCADAS E RAMPAS ROLANTES"
1831465;74;308;"INSTALACAO E/OU MONTAGEM DE EQUIPAMENTOS ELETROMECANICOS"
1831466;75;309;"INSTALACAO E/OU MONTAGEM DE ESTRUTURAS PARA REALIZACAO DE EVENTOS"
1831467;76;310;"INSTALACAO E/OU MONTAGEM DE EQUIPAMENTOS DE INFORMATICA"
1831468;77;311;"INSTALACAO E/OU MONTAGEM EQUIPAMENTOS MICROFILMAGEM"
1831469;78;312;"INSTALACAO E MONTAGEM EM EQUIPAMENTO MEDICO, HOSPITALAR, ODONTOLOGICO E DE LABORATORIO"
1831470;79;313;"INSTALACAO E/OU MONTAGEM DE EQUIPAMENTOS ODONTOLOGICOS"
1831471;80;314;"INSTALACAO E/OU MONTAGEM DE EQUIPAMENTOS DE REFRIGERACAO E DE AR CONDICIONADO"
1831472;81;315;"INSTALACAO E/OU MONTAGEM DE EQUIPAMENTOS DE SONORIZACAO, ILUMINACAO E PROJECAO"
1831473;82;316;"INSTALACAO E/OU MONTAGEM DE SISTEMAS DE AR CONDICIONADO E VENTILACAO"
1831474;83;317;"INSTALACAO E/OU MONTAGEM DE SISTEMAS CENTRALIZADOS DE GASES"
1831475;84;318;"INSTALACAO E/OU MONTAGEM DE SISTEMAS DE COMUNICACAO"
1831476;85;319;"INSTALACAO E/OU MONTAGEM DE SISTEMAS DE PROTECAO CONTRA INCENDIO"
1831477;86;320;"INSTALACAO E/OU MONTAGEM DE SISTEMAS DE SEGURANCA PATRIMONIAL"
1831478;87;321;"INSTALACAO E/OU MONTAGEM DE PAINEIS E LETREIROS ELETRONICOS"
1831479;88;322;"SERVICOS DE INSTALACAO DE PELICULA/PLASTICO PARA PROTECAO SOLAR"
1831480;89;323;"SERVICOS DE INSTALACAO E/ OU MONTAGEM DE SISTEMAS DE IRRIGACAO"
1831481;90;324;"SERVICOS DE INSTALACAO E MONTAGEM DE CERCAS"
1831482;91;325;"INSTALACAO E/OU MONTAGEM DE EQUIPAMENTOS DE MEDICAO"
1831483;92;326;"INSTALACAO E MONTAGEM DE AQUECEDORES ELETRICOS"
1831484;93;327;"INSTALACAO E MONTAGEM DE BOX PARA BANHEIRO"
1831485;94;328;"SERVICOS DE INSTALACAO, MONTAGEM E DESMONTAGEM DE MOBILIARIO DIVERSO"
1831486;95;329;"INSTALACAO E MONTAGEM DE BOX PARA COZINHA E BANCADAS"
1831487;96;401;"MANUTENCAO E ADAPTACAO DE AERONAVES"
1831488;97;402;"MANUTENCAO EM EQUIPAMENTOS AGROPECUARIOS"
1831489;98;403;"MANUTENCAO EM AUTOCLAVES, ESTUFAS, FORNOS E CALDEIRAS"
1831490;99;404;"MANUTENCAO EM BOMBAS E COMPRESSORES"
1831491;100;405;"MANUTENCAO E ADAPTACAO EM CARROCERIAS"
1831492;101;406;"MANUTENCAO DE EQUIPAMENTOS PARA CARTOGRAFIA, DESENHO E TOPOGRAFIA"
1831493;102;407;"MANUTENCAO EM CILINDROS PARA GASES"
1831494;103;408;"MANUTENCAO EM EQUIPAMENTOS DE COMBATE A INCENDIO"
1831495;104;409;"MANUTENCAO EM EQUIPAMENTOS DE BUSCA, SEGURANCA E SALVAMENTO"
1831496;105;410;"MANUTENCAO E RECARGA DE EXTINTORES DE INCENDIO"
1831497;106;411;"MANUTENCAO EM EQUIPAMENTOS DE CONSTRUCAO CIVIL"
1831498;107;412;"MANUTENCAO EM EQUIPAMENTOS ELETRICOS E DE DISTRIBUICAO DE ENERGIA"
1831499;108;413;"MANUTENCAO EM ELETRODOMESTICOS"
1831500;109;414;"MANUTENCAO EM ELEVADORES, ESCADAS E RAMPAS ROLANTES"
1831501;110;415;"MANUTENCAO DE ESCALAS E BALANCAS"
1831502;111;416;"MANUTENCAO EM MAQUINAS E EQUIPAMENTOS DE ESCRITORIO"
1831503;112;417;"MANUTENCAO EM FERRAMENTAS"
1831504;113;418;"MANUTENCAO EM EQUIPAMENTOS E ACESSORIOS FOTOGRAFICOS,CINEMATOGRAFICOS,PROJECAO E SONORIZACAO."
1831505;114;419;"MANUTENCAO EM EQUIPAMENTOS PARA INDUSTRIA GRAFICA"
1831506;115;420;"MANUTENCAO EM EQUIPAMENTOS INDUSTRIAIS DE MARCACAO"
1831507;116;421;"MANUTENCAO EM EQUIPAMENTOS DE INFORMATICA"
1831508;117;422;"MANUTENCAO EM INSTRUMENTOS E EQUIPAMENTOS DE LABORATORIO, ENSAIO E MEDICAO"
1831509;118;423;"MANUTENCAO EM EQUIPAMENTOS DE LAVANDERIA HOSPITALAR E INDUSTRIAL"
1831510;119;424;"MANUTENCAO EM EQUIPAMENTOS PARA MARCENARIA, CARPINTARIA E SERRALHERIA"
1831511;120;425;"MANUTENCAO E ADAPTACAO EM EQUIPAMENTOS MEDICOS HOSPITALARES E LABORATORIAIS"
1831512;121;426;"MANUTENCAO E ADAPTACAO EM EQUIPAMENTOS ODONTOLOGICOS"
1831513;122;427;"MANUTENCAO EM EQUIPAMENTOS PARA OFICINA DE AERONAVES"
1831514;123;428;"MANUTENCAO EM INSTRUMENTOS DE MEDICAO DE TEMPO"
1831515;124;429;"MANUTENCAO EM EQUIPAMENTOS DE MICROFILMAGEM"
1831516;125;430;"MANUTENCAO EM EQUIPAMENTOS DE MINERACAO, ESCAVACAO, GUINDASTES E CONSERVACAO EM ESTRADAS"
1831517;126;431;"MANUTENCAO DE MOBILIARIO"
1831518;127;432;"MANUTENCAO EM EQUIPAMENTOS DE RADIOCOMUNICACAO E TELEVISAO"
1831519;128;433;"MANUTENCAO EM REBOQUES"
1831520;129;434;"MANUTENCAO EM EQUIPAMENTOS DE REFRIGERACAO, CONDICIONAMENTO EM AR E VENTILACAO"
1831521;333;746;"SERVICOS DE FLORICULTURA PARA PROMOCAO DE COMEMORACOES PUBLICAS CIVI CAS, RELIGIOSAS E POPULARES DA TRADICAO MINEIRA"
1831522;334;747;"SERVICOS PRESTADOS NA AREA DE EVENTOS ESPORTIVOS, CULTURAIS E RECREATIVOS EDUCACIONAIS"
1831523;335;748;"SERVICOS DE CORTES DE PAPEL BOBINADO EM FOLHAS, PARA ATENDER INDUSTRIAGRAFICA"
1831524;336;749;"SERVICOS DE CONSULTORIA ATUARIAL"
1831525;337;750;"SERVICOS DE CONFECCAO DE QUADROS E MOLDURAS"
1831526;338;751;"SERVICOS DE CAPACITACAO E TREINAMENTO DE EGRESSOS DO SISTEMA PENITEN CIARIO"
1831527;339;752;"SERVICOS DE TRADUCAO E INTERPRETE DE IDIOMAS"
1831528;340;753;"SERVICOS DE PESQUISA E DESENVOLVIMENTO (P&D) EM LABORATORIO DE NOVOS MATERIAIS"
1831529;341;754;"SERVICOS DE CONSULTORIA E ASSESSORIA EM AREA DE GEOPROCESSAMENTO"
1831530;342;755;"SERVICO TECNICO ESPECIALIZADO EM METROLOGIA E CONTROLE DE QUALIDADE"
1831531;343;756;"SERVICO TECNICO ESPECIALIZADO EM AREA ADMINISTRATIVA"
1831532;344;757;"CONSULTORIA E ASSESSORIA EM AREA DE DESENVOLVIMENTO/ASSISTENCIA SOCIAL"
1831533;345;758;"SERVICOS DE RESTAURACAO E CONSERVACAO DE OBRAS DE ARTE"
1831534;346;759;"SERVICOS DE CONSULTORIA E ASSESSORIA EM ARQUITETURA"
1831535;347;760;"SERVICOS ODONTOLOGICOS"
1831536;348;761;"SERVICOS TECNICOS E ESPECIALIZADOS NA AREA DE ENGENHARIA MECANICA E INDUSTRIAL"
1831537;349;762;"SERVICOS TECNICOS ESPECILIAZADOS DE COMBATE A PRAGAS"
1831538;350;763;"SERVICOS TECNICOS ESPECIALIZADOS NA AREA DE ENGENHARIA CLINICA"
1831539;351;764;"SERVICOS TECNICOS ESPECIALIZADOS DE CALL CENTER"
1831540;352;765;"SERVICOS DE TRATAMENTO DE AGUA DE EQUIPAMENTOS E SISTEMAS"
1831541;353;766;"SERVICOS DE MEDICAO E CONTROLE DE VAZAO E VELOCIDADE DE FLUIDOS"
1831542;354;767;"SERVICOS DE EXUMACAO"
1831543;355;768;"SERVICOS TECNICOS DE ISOLAMENTO TERMICO E ACUSTICO"
1831544;356;769;"SERVICOS TECNICOS E ESPECIALIZADOS NA AREA DE PSICOLOGIA"
1831007;709;7055;"CONDIMENTOS E PRODUTOS CORRELATOS"
1831008;710;7060;"BEBIDAS"
1831009;711;7070;"HORTIFRUTIGRANJEIROS"
1831010;712;7110;"COMBUSTIVEIS SOLIDOS"
1831011;713;7115;"COMBUSTIVEIS LIQUIDOS,LUBRIFICANTES E DERIVADOS"
1831012;714;7120;"OLEOS, GRAXAS E CERAS"
1831013;715;7125;"GASES"
1831014;716;7130;"CILINDROS PARA GASES"
1831015;717;7135;"COMPONENTES E ACESSORIOS PARA CILINDROS DE GASES"
1831016;718;7210;"BORRACHA"
1831017;719;7215;"VIDRO"
1831018;720;7220;"MATERIAIS NAO METALICOS (DIVERSOS)"
1831019;721;7225;"ISOPOR"
1831020;722;7230;"CORTICA"
1831021;723;7235;"COURO"
1831022;724;7240;"PLASTICO"
1831023;725;7245;"ARAMES E ARTIGOS DE ACO E DE FERRO"
1831024;726;7250;"ARAMES E ARTIGOS DE METAIS NAO FERROSOS"
1831025;727;7310;"MINERIOS, MINERAIS E SEUS PRODUTOS PRIMARIOS E SEMI ACABADOS"
1831026;728;7410;"ARTIGOS PARA FUMANTES, PRODUTOS DE TABACO E COMPONENTES"
1831027;729;7415;"EQUIPAMENTOS, MOBILIARIOS E SUPRIMENTOS ECLESIASTICOS"
1831028;730;7420;"MATERIAIS CIVICOS"
1831029;731;7425;"ESTOFAMENTO, ACOLCHOAMENTO E COMPONENTES"
1831030;732;7430;"PLACAS, DISPOSITIVOS DE IDENTIFICACAO E COMPONENTES"
1831031;733;7435;"ARTIGOS DE PROPAGANDA E BRINDES"
1831032;734;7440;"ARTIGOS DE VALOR HISTORICO E CULTURAL"
1831033;735;7445;"JOALHERIA"
1831034;736;7450;"LACRES, SELOS E COMPONENTES"
1831035;737;7455;"ACESSORIOS, PECAS E ARTIGOS PARA ARTESANATO E BIJUTERIA"
1831036;738;7460;"ARTIGOS PARA RESTAURACAO DE LIVROS, OBRAS DE ARTE E ITENS DE VALOR HISTORICO E CULTURAL"
1831037;1;101;"ESTUDOS E PROJETOS DE AEROFOTOGRAMETRIA"
1831038;2;102;"ESTUDOS E PROJETOS DE AGRIMENSURA"
1831039;3;103;"ESTUDOS E PROJETOS DE ENGENHARIA ARQUITETONICA E CIVIL"
1831040;4;104;"CALCULO ESTRUTURAL"
1831041;5;105;"ESTUDOS E PROJETOS DE CONTROLE E PROTECAO AMBIENTAL"
1831042;6;106;"ESTUDOS E PROJETOS DE DRENAGEM"
1831043;7;107;"ESTUDOS E PROJETOS DE ENGENHARIA ELETRICA E ELETRONICA"
1831044;8;108;"ESTUDOS E PROJETOS DE ENGENHARIA DE ESTRADAS"
1831045;9;109;"ESTUDOS E PROJETOS DE ENGENHARIA SANITARIA"
1831046;10;110;"ESTUDOS E PROJETOS DE FUNDACOES"
1831047;11;111;"ESTUDOS E PROJETOS DE GEOTECNIA"
1831048;12;112;"ESTUDOS E PROJETOS DE INSTALACOES DE SISTEMAS DE AR CONDICIONADO E CLIMATIZACAO"
1831049;13;113;"ESTUDOS E PROJETOS DE INSTALACAO DE SISTEMAS DE COMUNICACAO"
1831050;14;114;"ESTUDOS E PROJETOS DE INSTALACOES DE SISTEMAS DE PROTECAO CONTRA INCENDIO"
1831051;15;115;"ESTUDOS E PROJETOS DE INSTALACAO DE SISTEMAS DE SEGURANCA ELETRONICA"
1831052;16;116;"ESTUDOS E PROJETOS DE INSTALACAO DE SISTEMAS CENTRALIZADOS DE GASES"
1831053;17;117;"ESTUDOS E PROJETOS DE INSTALACOES E MONTAGENS ELETROMECANICAS"
1831054;18;118;"ESTUDOS E PROJETOS DE INSTALACOES PREDIAIS HIDRAULICO SANITARIAS"
1831055;19;119;"ESTUDOS E PROJETOS DE INSTALACAO DE REDES FISICA E LOGICA"
1831056;20;120;"ESTUDOS E PROJETOS DE PAISAGISMO"
1831057;21;121;"ESTUDOS E PROJETOS DE REFORMA E ADAPTACAO DE BENS IMOVEIS"
1831058;22;122;"ESTUDOS E PROJETOS DE SINALIZACAO"
1831059;23;123;"ESTUDOS E PROJETOS DE SONORIZACAO E ILUMINACAO"
1831060;24;124;"ESTUDOS E PROJETOS DE TELEFONIA"
1831061;25;125;"ESTUDOS DE VIABILIDADE TECNICO ECONOMICA"
1831062;801;795;"ADMINISTRACAO DE BENS E NEGOCIOS PUBLICOS"
1831063;861;330;"INSTALACAO E MONTAGEM DE ESTRUTURA EXTERNA DE REDE DE TELECOMUNICACAO"
1831064;781;550;"LOCACAO DE ARTIGOS, UTENSILIOS E ENXOVAIS PARA HOSPITAIS, CLINICAS, LABORATORIOS"
1831065;434;1410;"COMPONENTES E ARTIGOS PARA CACA, PESCA E CAMPING"
1831066;435;1510;"VEICULOS MOTORIZADOS PARA TRANSPORTE DE PASSAGEIROS"
1831067;436;1515;"VEICULOS MOTORIZADOS PARA TRANSPORTE DE CARGA"
1831068;437;1520;"REBOQUES, SEMI REBOQUES, COMPONENTES E ACESSORIOS"
1831069;438;1525;"BICICLOS, TRICICLOS E QUADRICICLOS"
1831070;439;1530;"COMPONENTES E ACESSORIOS PARA VEICULOS DE DUAS,TRES RODAS OU QUATRO RODAS"
1831071;440;1534;"VEICULOS DE TRACAO ANIMAL"
1831072;441;1535;"VEICULOS ESPECIAIS"
1831073;442;1540;"CARROCERIAS, CABINES, CHASSIS"
1831074;443;1545;"COMPONENTES PARA CARROCERIAS, CABINES E CHASSIS"
1831075;444;1550;"COMPONENTES E ACESSORIOS PARA VEICULOS"
1831076;445;1555;"ACESSORIOS PARA VEICULOS"
1831077;446;1560;"PNEUS E CAMARAS DE AR"
1831078;447;1565;"EQUIPAMENTOS E FERRAMENTAS PARA MANUTENCAO DE VEICULOS"
1831079;448;1570;"COMPONENTES E ACESSORIOS DE EQUIPAMENTOS PARA MANUTENCAO DE VEICULOS"
1831080;449;1575;"TINTAS, VERNIZES, ADESIVOS E CORRELATOS PARA MANUTENCAO DE VEICULOS"
1831081;450;2010;"CORREAMES, CORREIAS, ACOPLAMENTOS E ACESSORIOS DE TRANSMISSAO"
1831082;451;2015;"EQUIPAMENTOS PARA TRANSMISSAO DE FORCA"
1831083;452;3010;"MOTORES E TURBINAS"
1831084;453;3015;"COMPONENTES E ACESSORIOS PARA MOTORES E TURBINAS"
1831085;454;3110;"ROLAMENTOS, MANCAIS E COMPONENTES"
1831086;455;3115;"MANCAIS E COMPONENTES"
1831087;456;3210;"MAQUINAS OPERATRIZES"
1831088;457;3211;"COMPONENTES E ACESSORIOS PARA MAQUINAS OPERATRIZES"
1831089;458;3220;"FORNOS, ESTUFAS INDUSTRIAIS, COMPONENTES E ACESSORIOS"
1831090;459;3225;"EQUIPAMENTOS E FERRAMENTAS PARA SOLDAGEM E CORTE"
1831091;460;3226;"COMPONENTES E ACESSORIOS PARA EQUIPAMENTOS DE SOLDAGEM E CORTE"
1831092;461;3227;"SUPRIMENTOS PARA SOLDAGEM E CORTE"
1831093;462;3230;"EQUIPAMENTOS PARA LAVANDERIAS, COMPONENTES E ACESSORIOS"
1831094;463;3231;"COMPONENTES E ACESSORIOS PARA EQUIPAMENTOS DE LAVANDERIA"
1831095;464;3232;"EQUIPAMENTOS PARA REDES DE GASES_MEDICINAIS"
1831096;465;3235;"EQUIPAMENTOS PARA INDUSTRIA GRAFICA"
1831097;466;3236;"EQUIPAMENTOS PARA INDUSTRIA GRAFICA, COMPONENTES E ACESSORIOS"
1831098;467;3237;"SUPRIMENTOS PARA INDUSTRIA GRAFICA"
1831099;468;3240;"EQUIPAMENTOS PARA EMBALAGEM E ACONDICIONAMENTO"
1831100;469;3241;"COMPONENTES E ACESSORIOS PARA EQUIPAMENTOS DE EMBALAGEM E ACONDICIONAMENTO"
1831101;470;3245;"EQUIPAMENTOS PARA INDUSTRIA QUIMICA E FARMACEUTICA"
1831102;471;3246;"EQUIPAMENTOS PARA INDUSTRIA QUIMICA E FARMACEUTICA, COMPONENTES E ACESSORIOS"
1831103;472;3248;"SUPRIMENTOS PARA EQUIPAMENTOS DE INDUSTRIAS QUIMICAS E FARMACEUTICAS (EXCLUI: PECAS/COMPONENTES, REAGENTES E MATERIA-PRIMA P/TRANSFORMACAO)"
1831104;473;3250;"EQUIPAMENTOS E COMPONENTES PARA INDUSTRIA DE ASFALTO"
1831105;474;3255;"EQUIPAMENTOS PARA ABASTECIMENTO DE COMBUSTIVEIS E LUBRIFICANTES E COM PONENTES"
1831106;475;3256;"COMPONENTES DE EQUIPAMENTOS PARA ABASTECIMENTO DE COMBUSTIVEIS E LUBRIFICANTES"
1831107;476;3260;"EQUIPAMENTOS INDUSTRIAIS DE COSTURA E ESTAMPARIA"
1831108;477;3261;"COMPONENTES E ACESSORIOS PARA MAQUINAS DE COSTURA E ESTAMPARIA"
1831109;478;3265;"EQUIPAMENTOS E COMPONENTES PARA INDUSTRIA DE CALCADOS"
1831110;479;3266;"SUPRIMENTOS PARA INDUSTRIA DE CALCADOS"
1831111;480;3270;"EQUIPAMENTOS E COMPONENTES PARA INDUSTRIA ALIMENTICIA"
1831112;481;3275;"CALDEIRAS INDUSTRIAIS"
1831113;482;3276;"CALDEIRAS INDUSTRIAIS E COMPONENTES"
1831114;483;3280;"SECADORES, DESIDRATADORES E ANTI HIDRATADORES"
1831115;484;3285;"EQUIPAMENTOS,COMPONENTES E ARTIGOS PARA OURIVESARIA"
1831116;485;3286;"EQUIPAMENTOS PARA AGRO-INDUSTRIA"
1831117;486;3290;"EQUIPAMENTOS E COMPONENTES PARA INDUSTRIA DE POLPA E DE PAPEL"
1831118;487;3310;"EQUIPAMENTOS COMERCIAIS E DE SERVICOS"
1831119;488;3315;"UTENSILIOS COMERCIAIS E DE SERVICOS"
1831120;489;3320;"COMPONENTES E ACESSORIOS PARA EQUIPAMENTOS COMERCIAIS E DE SERVICOS"
1831868;677;6315;"JOGOS E BRINQUEDOS"
1831869;678;6410;"EQUIPAMENTOS, ARTIGOS, UTENSILIOS E COMPONENTES PARA CONSERVACAO E LIMPEZA"
1831870;679;6415;"COMPONENTES PARA EQUIPAMENTOS DE CONSERVACAO E LIMPEZA"
1831871;680;6420;"ARTIGOS E UTENSILIOS PARA CONSERVACAO E LIMPEZA"
1831872;681;6425;"COMPOSTOS E PREPARADOS PARA LIMPEZA E POLIMENTO"
1831873;682;6510;"TAMBORES, LATAS E CILINDROS"
1831874;683;6515;"CAIXAS E ENGRADADOS"
1831875;684;6520;"ARTIGOS PARA EMBALAGEM E ESTOCAGEM"
1831876;685;6525;"BOMBONAS, GARRAFOES E FRASCOS"
1831877;686;6530;"EMBALAGENS PARA INDUSTRIA QUIMICA E FARMACEUTICA"
1831878;687;6610;"TECIDOS"
1831879;688;6615;"AVIAMENTOS E ARTIGOS PARA COSTURA"
1831880;689;6620;"TINTAS, VERNIZES E ARTIGOS PARA PINTURA ARTISTICA"
1831881;690;6710;"VESTUARIO E COMPLEMENTOS"
1831882;691;6715;"VESTUARIO PARA USO ODONTOLOGICO, HOSPITALAR E ITENS CORRELATOS"
1831883;692;6720;"VESTUARIO ESPORTIVO"
1831884;693;6725;"CALCADOS"
1831885;694;6730;"VESTUARIO INFANTIL"
1831886;695;6735;"UNIFORMES"
1831887;696;6740;"FARDAMENTO"
1831888;697;6810;"MATERIAIS CIVICOS, DISTINTIVOS E INSIGNIAS"
1831889;698;6910;"ARTIGOS, UTENSILIOS PARA HIGIENE PESSOAL E TOUCADOR"
1831890;699;6915;"ARTIGOS E UTENSILIOS DE HIGIENE PESSOAL E TOUCADOR NAO CONSIDERA DOS CORRELATOS"
1831891;700;7010;"CARNES E EMBUTIDOS"
1831892;701;7015;"PESCADOS"
1831893;702;7020;"OVOS"
1831894;703;7025;"LATICINIOS"
1831895;704;7030;"HORTIFRUTIGRANJEIROS E OUTROS PRODUTOS ALIMENTICIOS"
1831896;705;7035;"CEREAIS"
1831897;706;7040;"ALIMENTOS INDUSTRIALIZADOS"
1831898;707;7045;"ALIMENTOS DIETETICOS"
1831899;708;7050;"OLEOS E GORDURAS COMESTIVEIS"
1831900;921;552;"LOCACAO DE ARTIGOS E EQUIPAMENTOS PARA SISTEMA DE ATENDIMENTO AO PUBLICO"
1831901;961;659;"FORNECIMENTO DE ENERGIA ELETRICA"
1831902;962;660;"SERVICOS DE IMPRENSA"
1831903;1021;5439;"EQUIPAMENTO MONITORAMENTO E/OU CONTROLE QUALIDADE AR"
1831904;1061;661;"CONFERENCIAS E PALESTRAS"
1831905;1081;799;"SERVICOS RELACIONADOS A METEOROLOGIA"
1831906;1103;555;"LOCACAO DE MOBILIARIO E EQUIPAMENTOS DE COZINHA"
1831907;1123;556;"LOCACAO DE MAQUINAS E EQUIPAMENTOS DE AUTOMACAO"
1831908;1223;665;"SERVICO ESPECIALIZADO EM AREA DE DESENVOLVIMENTO SOCIAL"
1831909;1243;666;"FORNECIMENTO DE GAS MEDICINAL"
1831910;1283;1602;"SERVICO DE ARBITRAGEM"
1831911;1263;1601;"SERVICO DE BRIGADA DE INCENDIO"
1831912;1423;489;"MANUTENCAO E REPARO EM EQUIPAMENTOS, INSTRUMENTOS E ACESSORIOS CIVI COS"
1831913;1443;490;"MANUTENCAO E REPARO EM MAQUINAS PESADAS"
1831914;1463;243;"OBRAS E SERVICOS REDE DE ABASTECIMENTO DE AGUA"
1831915;1543;1605;"SERVICO ESPECIALIZADO EM PENAS E MEDIDAS ALTERNATIVAS"
1831916;1563;560;"IMPLANTACAO, MANUTENCAO, GERENCIAMENTO E OPERACAO DAS UNIDADES DE ATENDIMENTO INTEGRADO (UAI)"
1831917;1583;1606;"PROFISSIONAIS DA EDUCACAO, AREA JURIDICA, CIENCIAS SOCIAIS E PESQUISA"
1831918;1603;1607;"PROFISSIONAIS DA AREA DA CULTURA, COMUNICACAO E DESPORTO"
1831919;1604;1608;"PROFISSIONAIS DAS CIENCIAS EXATAS, ENGENHARIA, INFORMATICA E FISICA"
1831920;1623;1609;"PROFISSIONAIS DO ADMINISTRATIVO, ATENDIMENTO AO PUBLICO, COMERCIO E SERVICOS"
1831921;1663;1610;"CLASSIFICACAO DE RISCO DE CREDITO"
1831922;1683;1611;"PROFISSIONAIS DA MEDICINA,DA SAUDE, DAS CIENCIAS BIOLOGICAS E BIOQUIMICAS"
1831923;1703;1612;"SERVICOS DE LOGISTICA E TRANSPORTE"
1831924;1723;1230;"EQUIPAMENTOS,PECAS,COMPONENTES E ACESSORIOS PARA SISVANT(DRONE)"
1831925;1743;1613;"SERVICOS DE TECNOLOGIA DA INFORMACAO E COMUNICACAO"
1831926;1763;5265;"EQUIPAMENTOS E SUPRIMENTOS PARA TECNOLOGIA ASSISTIVA"
1831927;1783;1614;"PRODUCAO DE TEXTOS, ARTIGOS LITERARIOS PARA REVISTAS OU JORNAIS"
1831928;1863;1415;"EQUIPAMENTO PARA CACA, PESCA E CAMPING"
1831929;1883;3916;"COMPONENTES, ACESSORIOS E ARTIGOS PARA BUSCA, RESGATE E SALVAMENTO"
1831930;1903;3416;"GRADES E PLAINAS PARA TRATOR AGRICOLA"
1831931;1943;1325;"EQUIPAMENTOS E COMPONENTES PARA EMBARCACOES"
1831932;1944;1710;"MANUTENCAO E REPARO EM EMBARCACOES - PARA EQUIPAMENTO OU COMPONENTE NOVO"
1831933;1923;5270;"EQUIPAMENTOS PARA TECNOLOGIA ASSISTIVA"
1831934;1963;1551;"EQUIPAMENTO DE MEDICAO DE VELOCIDADE"
1831935;1964;3212;"COMPONENTES PARA MAQUINAS DA INDUSTRIA ESPECIALIZADA"
1831936;1983;3926;"EQUIPAMENTOS PARA PROTECAO INDIVIDUAL"
1831937;1965;3456;"EQUIPAMENTOS PARA ANIMAIS"
1831938;2043;3911;"EQUIPAMENTOS PARA COMBATE A INCENDIO"
1831939;2063;3931;"ARTIGOS PARA DETECCAO, ALARME E SEGURANCA PATRIMONIAL"
1831940;2103;6311;"EQUIPAMENTOS, ARTIGOS, PECAS E COMPONENTES PARA RECREACAO E DESPORTO"
1831941;2123;3431;"EQUIPAMENTOS PARA CRIACAO E TRATAMENTO DE ANIMAIS"
1831942;2143;561;"IMPLANTACAO, MANUTENCAO, GERENCIAMENTO E OPERACAO DE UNIDADE DE CONSERVACAO ESTADUAL"
1831943;2183;5011;"COMPONENTES,PECAS E ACESSORIOS GRUPOS GERADORES, TRANSFORMADORES ELE TRICOS E AFINS"
1831944;2223;3421;"ARTIGOS AGRICOLAS (CONSUMO)"
1831945;2224;3446;"EQUIPAMENTOS PARA JARDINAGEM E HORTICULTURA"
1831946;2263;237;"OBRA PARA REFORMA E/OU ADAPTACAO DE BENS IMOVEIS"
1831947;2303;1712;"SERVICO DE APOIO A CLIENTES - SERVICE DESK/HELP DESK"
1831948;2323;562;"LOCACAO DE VEICULOS ESPECIAIS"
1831949;2343;5045;"EQUIPAMENTOS E APARELHOS DE ILUMINACAO CENICA, ESTUDIO DE TV"
1831950;2363;5845;"MOBILIARIO TECNICO PARA SISTEMA DE TELEVISAO"
1831951;2383;671;"SERVICOS GERAIS E SERVICOS TECNICOS PRESTADOS PELA MGS"
1831952;2403;1011;"ARMAMENTO,MUNICOES,EQUIPAMENTOS E ARTIGOS DE USO POLICIAL"
1831953;2404;1012;"ARTIGOS PIROTECNICOS E SINALIZADORES"
1831954;2405;1211;"AERONAVES, COMPONENTES, EQUIPAMENTOS E ACESSORIOS DE AERONAVES"
1831955;2406;1212;"EQUIPAMENTOS, COMPONENTES E ACESSORIOS PARA SERVICO DE AERODROMOS E AEROPORTOS"
1831956;2407;1311;"EMBARCACOES, EQUIPAMENTOS, COMPONENTES E ACESSORIOS PARA EMBARCACOES"
1831957;2408;1411;"EQUIPAMENTOS, COMPONENTES E ARTIGOS PARA CAÇA, PESCA E CAMPING"
1831958;2409;1511;"VEICULOS DE PASSAGEIROS E DE CARGA, COMPONENTES E ACESSORIOS, EXCETO PNEUS"
1831959;2410;2011;"MOTORES, TURBINAS E EQUIPAMENTOS PARA TRANSMISSAO DE FORCA,COMPONENTESE ACESSORIOS"
1831960;2411;3111;"ROLAMENTOS, MANCAIS E COMPONENTES"
1831961;2412;3213;"MAQUINAS, COMPONENTES, SUPRIMENTOS E EQUIPAMENTOS PARA INDUSTRIA ESPE CIALIZADA"
1831962;2413;3214;"MAQUINAS, COMPONENTES, SUPRIMENTOS E EQUIPAMENTOS PARA SOLDAGEM E CORTE"
1831963;2414;3215;"MAQUINAS, COMPONENTES, SUPRIMENTOS E EQUIPAMENTOS PARA LAVANDERIA"
1831964;2415;3216;"MAQUINAS, COMPONENTES, SUPRIMENTOS E EQUIPAMENTOS PARA INDUSTRIA GRAFICA"
1831965;2416;3217;"MAQUINAS, COMPONENTES, SUPRIMENTOS E EQUIPAMENTOS PARA EMBALAGEM E ACONDICIONAMENTO"
1831966;2417;3218;"MAQUINAS, COMPONENTES, SUPRIMENTOS E EQUIPAMENTOS PARA INDUSTRIA QUIMICA E FARMACEUTICA"
1831967;2418;3219;"MAQUINAS, COMPONENTES, SUPRIMENTOS E EQUIPAMENTOS PARA COSTURA, ESTAMPARIA, INDUSTRIA TEXTIL E CALCADOS"
1831968;2419;3311;"EQUIPAMENTOS E UTENSILIOS COMERCIAIS E DE SERVICOS, COMPONENTES E ACESSORIOS"
1831969;2423;3411;"TRATORES, EQUIPAMENTOS, COMPONENTES E ACESSORIOS AGRICOLAS"
1831970;2424;3412;"MAQUINAS E EQUIPAMENTOS PARA AGROPECUARIA E VETERINARIA"
1831971;2425;3413;"EQUIPAMENTOS PARA CONTROLE DE PRAGAS E COMPONENTES"
1831972;2426;3414;"EQUIPAMENTOS, FERRAMENTAS, UTENSILIOS E COMPONENTES PARA JARDINAGEM E HORTICULTURA"
1831973;2427;3417;"ANIMAIS VIVOS"
1831974;2428;3511;"MAQUINAS, EQUIPAMENTOS E COMPONENTES PARA MINERACAO, ESCAVACAO E CONSERVACAO DE ESTRADAS"
1831975;2429;3512;"PLACAS, DISPOSITIVOS E COMPONENTES DE IDENTIFICACAO E SINALIZACAO"
1831976;2430;3611;"MAQUINAS, COMPONENTES EQUIPAMENTOS E VEICULOS PARA MOVIMENTACAO DE CARGA"
1831977;2431;3612;"ELEVADOR, ESCADA ROLANTE, ACESSORIOS E COMPONENTES PARA MOVIMENTACAO DE PESSOAS"
1831978;2432;3711;"CABOS DE ACO, DE FIBRAS, CORDOALHAS,CORRENTES E COMPONENTES"
1831979;2433;3811;"REFRIGERACAO, CONDICIONAMENTO DE AR E VENTILACAO, COMPONENTES E ACESSORIOS"
1831980;2434;3912;"EQUIPAMENTOS, COMPONENTES, ACESSORIOS E ARTIGOS PARA COMBATE A INCENDIO, RESGATE, BUSCA E SALVAMENTO"
1831981;2435;3927;"EQUIPAMENTOS PARA PROTECAO INDIVIDUAL - EPI"
1831982;2436;3928;"EQUIPAMENTOS E ARTIGOS DE SEGURANCA PATRIMONIAL"
1831983;2437;4011;"BOMBAS, COMPRESSORES, CENTRIFUGAS, SEPARADORES, FILTROS E COMPONENTES"
1831984;2438;4111;"EQUIPAMENTOS E ARTIGOS PARA PURIFICACAO E TRATAMENTO DE AGUA E TRATAMENTO DE ESGOTO"
1831985;2439;4211;"EQUIPAMENTOS, MATERIAIS,COMPONENTES E ESTRUTURAS PARA CONSTRUCAO CIVIL"
1831986;2440;4411;"FERRAMENTAS MOTORIZADAS E NAO MOTORIZADAS, COMPONENTES E ACESSORIOS"
1831987;2441;4511;"MATERIAL DE CONSTRUCAO"
1831988;2442;4516;"FERRAGENS, ABRASIVOS, MATERIAIS PARA VEDACAO E FIXACAO"
1831989;2443;4611;"ESTRUTURAS PRE-FABRICADAS"
1831990;2444;4711;"MATERIAIS PARA CONSTRUCAO"
1831991;2445;4811;"EQUIPAMENTOS DE COMUNICACAO, COMPONENTES E ACESSORIOS"
1831992;2446;4911;"ARTIGOS E COMPONENTES ELETRICOS E ELETRONICOS, ANTENAS, BATERIAS, PILHAS E ACUMULADORES ELETRICOS"
1831993;2447;5012;"EQUIPAMENTOS, COMPONENTES E ACESSORIOS PARA GERACAO E DISTRIBUICAO DE ENERGIA"
1831994;2448;5026;"EQUIPAMENTOS, APARELHOS E ARTIGOS DE ILUMINACAO"
1831995;2449;5111;"INSTRUMENTOS E EQUIPAMENTOS ODONTOLOGICOS, COMPONENTES E ACESSORIOS"
1831996;2450;5126;"SUPRIMENTOS ODONTOLOGICOS"
1831997;2451;5211;"INSTRUMENTOS E EQUIPAMENTOS MEDICOS-HOSPITALARES, COMPONENTES E ACESSORIOS"
1831998;2452;5216;"EQUIPAMENTO MEDICO-HOSPITALAR, COMPONENTES E ACESSORIOS"
1894563;2683;1620;"SERVICO DE MONITORAMENTO E RASTREAMENTO DE AERONAVES OU VEICULOS"
1832512;2663;341;"INSTALACAO DE VIVEIROS DE PLANTAS OU ANIMAIS E ESTUFAS AGRICOLAS"
1899033;2703;672;"SERVICO DE FORNECIMENTO DE LANCHES"
1831545;357;770;"SERVICOS DE CUSTODIA DE TITULOS E VALORES MOBILIARIOS"
1831546;358;771;"SERVICOS DE CONSULTORIA E ASSESSORIA EM TELEMARKETING"
1831547;359;772;"SERVICOS DE AUDITORIA NA AREA DE SAUDE"
1831548;360;773;"SERVICOS DE CRECHE"
1831549;361;774;"SERVICOS DE CONSULTORIA E ASSESSORIA EM RECURSOS HUMANOS"
1831550;362;775;"SERVICOS DE CONSULTORIA E ASSESSORIA EM ESTATISTICA"
1831551;363;776;"SERVICOS DE AUDITORIA DE LABORATORIOS"
1831552;364;777;"SERVICOS DE CONSULTORIA E ASSESSORIA EM AREA DE SEGURANCA PUBLICA"
1831553;365;778;"SERVICOS DE FORNECIMENTO DE AGUA POR MEIO DE CAMINHAO PIPA"
1831554;366;779;"SERVICOS DE INTERPRETE DE LINGUAGEM DOS SINAIS PARA DEFICIENTES AUDITIVOS (SERVICO DE INTERPRETE DE LIBRAS)"
1831555;367;780;"SERVICOS TECNICOS ESPECIALIZADOS EM GINASTICA LABORAL E DE ACADEMIA DE GINASTICA"
1831556;368;781;"SERVICOS TECNICOS ESPECIALIZADOS DE HIALOTECNIA"
1831557;369;782;"SERVICOS DE CORRETAGEM DE ACOES"
1831558;370;783;"SERVICOS ESPECIALIZADOS EM COMISSARIA DE BORDO"
1831559;371;784;"SERVICOS DE CONSULTORIA EM AREA NUTRICIONAL OU ALIMENTICIA"
1831560;372;785;"SERVICOS DE INTERMEDIACAO EM NEGOCIACAO DE TITULOS PUBLICOS"
1831561;373;786;"TRATAMENTO E RECICLAGEM DE MATERIAIS DIVERSOS"
1831562;374;787;"SERVICOS ESPECIALIZADOS EM COLHEITAS AGRICOLAS"
1831563;375;788;"SERVICOS ESPECIALIZADOS EM AREA AGROPECUARIA"
1831564;376;801;"SERVICOS DE ACONDICIONAMENTO E/OU ARMAZENAMENTO DE MATERIAIS"
1831565;377;802;"SERVICOS POSTAIS E DE MALOTE"
1831566;378;803;"SERVICOS DE MUDANCA"
1831567;379;804;"SERVICOS DE TRANSPORTE AEREO DE CARGAS"
1831568;380;805;"SERVICOS DE TRANSPORTE FLUVIAL DE CARGAS"
1831569;381;806;"SERVICOS DE TRANSPORTE RODOVIARIO DE CARGAS"
1831570;382;807;"SERVICOS DE TRANSPORTE DE MATERIAL RADIOATIVO"
1831571;383;808;"SERVICOS DE TRANSPORTE DE VALORES"
1831572;384;809;"SERVICOS DE TRANSPORTE DE MATERIAIS E EQUIPAMENTOS PARA OBRAS"
1831573;385;810;"SERVICOS POSTAIS"
1831574;386;811;"SERVICOS DE TRANSPORTE E DISTRIBUICAO DE JORNAIS"
1831575;387;812;"SERVICOS DE TRANSPORTE DE PASSAGEIROS"
1831576;388;813;"SERVICOS DE ENTREGAS RAPIDAS"
1831577;389;814;"SERVICOS DE TRANSPORTE DE PASSAGEIROS"
1831578;390;815;"SERVICOS DE TRANSPORTE DE MATERIAL BIOLOGICO DE ORIGEM HUMANA OU ANIMAL"
1831579;391;901;"SERVICOS DE CONFECCAO DE ARTEFATOS DE ACRILICO"
1831580;392;902;"SERVICOS DE CONFECCAO DE ARTIGOS DE PROPAGANDA, PUBLICIDADE E COMUNICACAO VISUAL"
1831581;393;903;"SERVICOS DE GRAVACAO E CONFECCAO DE ARTIGOS PARA CONDECORACOES E CIVICOS"
1831582;394;904;"SERVICOS DE CONFECCAO DE CARIMBOS, CHAVES E CONSERTO DE FECHADURAS"
1831583;395;905;"SERVICOS DE CONFECCCAO DE CHAVES E CONSERTO DE FECHADURAS"
1831584;396;906;"SERVICOS DE CONFECCAO E INSTALACAO DE CORTINAS, PAINEIS, PERSIANAS E TAPETES"
1831585;397;907;"SERVICOS DE CONFECCAO DE CRACHAS ELETRONICOS E CARTOES MAGNETICOS"
1831586;398;908;"SERVICOS DE CONFECCAO E GRAVACAO DE PLACAS E SELOS PARA VEICULOS"
1831587;399;909;"SERVICOS DE CONFECCAO DE IMPRESSOS DE SEGURANCA"
1831588;400;910;"SERVICOS DE CONFECCAO DE MAQUETES"
1831589;401;911;"SERVICOS DE CONFECCAO E MANUTENCAO DE PLACAS INFORMATIVAS E DE SINALIZACAO"
1831590;402;912;"SERVICOS DE CONFECCAO DE PROTESES NA AREA MEDICA HOSPITALAR"
1831591;403;913;"SERVICOS DE CONFECCAO E CONSERTOS DE VESTUARIO E PECAS DE CAMA, MESA EBANHO"
1831592;404;914;"SERVICOS DE CONFECCAO DE ITENS ARTESANAIS"
1831593;405;915;"SERVICOS DE CONFECCAO DE CAPAS DE PROTECAO P/ MAQUINAS E EQUIPAMENTOS"
1831594;406;916;"SERVICOS DE CONFECCAO DE ITENS DE COURO,PLASTICO,MADEIRA E CORRELATOS,PARA USO DIVERSOS"
1831595;407;917;"SERVICOS DE CONFECCAO DE CAIXAS"
1831596;408;918;"SERVICOS DE CONFECCAO DE ORTESES"
1831597;409;919;"SERVICOS DE CONFECCAO DE ARTIGOS DE CUTELARIA"
1831598;410;920;"SERVICOS DE CONFECCAO DE LACRES DE SEGURANCA"
1831599;411;921;"SERVICOS DE CONFECCAO DE FITAS E CORDOES PERSONALIZADOS PARA CRACHAS"
1831600;412;922;"SERVICOS DE CONFECCAO DE ARTIGOS DE PAPELAO"
1831601;413;923;"SERVICOS DE CONFECCAO DE BORDADOS INDUSTRIAIS"
1831602;414;924;"SERVICOS DE PREPARACAO DE TECIDOS E ARTIGOS PARA CONFECCAO DE VESTUARIO E COMPLEMENTOS"
1831603;415;925;"SERVICOS DE CONFECCAO E INSTALACAO DE BANCADAS"
1831604;416;1010;"ARMAS"
1831605;417;1015;"COMPONENTES E ACESSORIOS PARA ARMAS DE FOGO"
1831606;418;1020;"ARMAS BRANCAS"
1831607;419;1025;"MUNICOES, DETONANTES, EXPLOSIVOS, DISPOSITIVOS DE DISPERSAO"
1831608;420;1030;"EQUIPAMENTOS E ARTIGOS PARA MANUTENCAO DE ARMAMENTOS E MUNICOES"
1831609;421;1035;"APARELHAGEM E ARTIGOS DE INSTRUCAO DE ARMAMENTO"
1831610;422;1040;"DISPOSITIVOS DE DISPERSAO"
1831611;423;1045;"ARTIGOS DE USO POLICIAL"
1831612;424;1050;"EQUIPAMENTOS E ARTIGOS DE USO POLICIAL"
1831613;425;1055;"ARTIGOS SINALIZADORES"
1831614;426;1110;"PIROTECNICOS"
1831615;427;1210;"AERONAVES"
1831616;428;1215;"COMPONENTES E ACESSORIOS DE AERONAVES"
1831617;429;1220;"COMPONENTES E ACESSORIOS PARA SERVICOS DE AERODROMOS"
1831618;430;1225;"TINTAS, VERNIZES, ADESIVOS E PRODUTOS CORRELATOS PARA MANUTENCAO DE AERONAVES"
1831619;431;1310;"EMBARCACOES PARA TRANSPORTE DE PASSAGEIROS E CARGAA"
1831620;432;1315;"PEQUENAS EMBARCACOES"
1831621;433;1320;"COMPONENTES E FERRAGENS PARA EMBARCACOES"
1831622;130;435;"MANUTENCAO EM EQUIPAMENTOS DE REPROGRAFIA"
1831623;131;436;"MANUTENCAO EM SISTEMAS CENTRALIZADOS DE GASES MEDICINAIS E INDUSTRIAIS"
1831624;132;437;"MANUTENCAO EM EQUIPAMENTOS, COMPONENTES E SISTEMAS DE SEGURANCA ELETRONICA"
1831625;133;438;"MANUTENCAO EM EQUIPAMENTOS E INFRA-ESTRUTURA DE TELECOMUNICACOES"
1831626;134;439;"MANUTENCAO EM TANQUES DE ARMAZENAMENTO"
1831627;135;440;"MANUTENCAO EM TRANSPORTADORES"
1831628;136;441;"MANUTENCAO E RECARGA DE BATERIAS"
1831629;137;442;"MANUTENCAO E RETIFICA DE MOTORES AUTOMOTIVOS"
1831630;138;443;"MANUTENCAO EM VEICULOS DE DUAS E TRES RODAS"
1831631;139;444;"MANUTENCAO E ADAPTACAO EM VEICULOS ESPECIAIS"
1831632;140;445;"MANUTENCAO EM VEICULOS LEVES"
1831633;141;446;"MANUTENCAO EM VEICULOS PESADOS"
1831634;142;447;"MANUTENCAO EM EQUIPAMENTOS PARA REPARO E CONSERVACAO DE VEICULOS"
1831635;143;448;"MANUTENCAO EM VIATURAS NAO MOTORIZADAS PARA MOVIMENTACAO DE MATERIAIS"
1831636;144;449;"MANUTENCAO EM VIATURAS MOTORIZADAS PARA MOVIMENTACAO DE MATERIAIS"
1831637;145;450;"SERVICOS DE BORRACHARIA"
1831638;146;451;"SERVICOS DE CAPOTARIA"
1831639;147;452;"SERVICOS DE LANTERNAGEM E PINTURA"
1831640;148;453;"SERVICOS DE LAVAGEM, PULVERIZACAO E POLIMENTO DE VEICULOS"
1831641;149;454;"SERVICOS DE RECAUCHUTAGEM DE PNEUS"
1831642;150;455;"MANUTENCAO E REPAROS EM INSTALACOES PREDIAIS"
1831643;151;456;"MANUNTENCAO E REPARO EM EQUIPAMENTOS PARA PURIFICACAO E TRATAMENTO DE AGUA"
1831644;152;457;"SERVICOS DE MANUTENCAO E REPAROS EM EQUIPAMENTOS E COMPONENTES PARA INDUSTRIA ALIMENTICIA"
1831645;153;458;"MANUTENCAO E REPAROS EM EQUIPAMENTOS PARA RECREACAO E DESPORTO"
1831646;154;459;"SERVICOS DE RECUPERACAO E RECONDICIONAMENTO DE PECAS DE VEICULOS"
1831647;155;460;"SERVICOS DE MANUTENCAO E REPAROS EM SISTEMA CENTRAL DE AQUECIMENTO"
1831648;156;461;"SERVICOS DE MANUTENCAO E REPAROS EM MAQUINA DE COSTURA"
1831649;157;462;"SERVICOS DE REPAROS,RESTAURACAO E RECUPERACAO DE BENS IMOVEIS PRESTADOS P/ PESSOA FISICA"
1831650;158;463;"MANUTENCAO E REPAROS EM EMBARCACOES"
1831651;159;464;"MANUTENCAO E REPAROS EM ESTACAO DE TRATAMENTO DE AGUA"
1831652;160;465;"SERVICOS DE MANUTENCAO E REPAROS DE INSTRUMENTOS MUSICAIS"
1831653;161;466;"MANUTENCAO E REPAROS EM EQUIPAMENTOS PARA MANUFATURA DE PRODUTOS QUIMICOS E FARMACEUTICOS"
1831654;162;467;"SERVICOS DE MANUTENCAO E REPAROS EM EQUIPAMENTOS PARA ABASTECIMENTO DECOMBUSTIVEIS E LUBRIFICANTES"
1831655;163;468;"MANUTENCAO E REPAROS EM UTENSILIOS DE COZINHA E ARTIGOS PARA SERVICOS DE MESA E CUTELARIA"
1831656;164;469;"MANUTENCAO E REPARO EM PAINEIS ELETRONICOS"
1831657;165;470;"MANUTENCAO E REPAROS EM EQUIPAMENTOS PARA LIMPEZA"
1831658;166;471;"SERVICOS DE RECUPERACAO E RECONDICIONAMENTO DE PECAS DE EQUIPAMENTOS DE INFORMATICA"
1831659;167;472;"SERVICOS DE MANUTENCAO E REPAROS EM ARMAMENTOS"
1831660;168;473;"MANUTENCAO E REPAROS EM EQUIPAMENTOS PARA TRATAMENTO DE ESGOTO"
1831661;169;474;"MANUTENCAO E REPAROS EM MAQUINAS E EQUIPAMENTOS DE INDUSTRIAS TEXTEIS"
1831662;170;475;"MANUTENCAO E REPAROS EM EQUIPAMENTOS FABRICACAO DE MUNICAO E MANUTEN CAO DE MUNICAO"
1831663;171;476;"MANUTENCAO E REPAROS EM EQUIPAMENTOS E UTENSILIOS PARA JARDINAGEM"
1831664;172;477;"MANUTENCAO EM VEICULOS MEDIOS"
1831665;173;478;"MANUTENCAO E REPARO EM MOTORES ELETRICOS"
1831666;174;479;"MANUTENCAO E REPARO EM ESTACOES DE TRATAMENTO DE ESGOTO"
1831667;175;480;"SERVICOS DE RECUPERACAO E RECONDICIONAMENTO DE PECAS PARA EQUIPAMENTOSDE INDUSTRIA GRAFICA"
1831668;176;481;"MANUTENCAO E REPARO EM EQUIPAMENTOS DE SOLDA"
1831669;177;482;"MANUTENCAO E REPARO EM INSTRUMENTOS E EQUIPAMENTOS DE METEOROLOGIA"
1831670;178;483;"MANUTENCAO E REPARO EM COMPORTADORES DE LIXO"
1831671;179;484;"MANUTENCAO EM EQUIPAMENTOS DE ILUMINACAO CENICA"
1831672;180;485;"MANUTENCAO E REPARO EM EQUIPAMENTOS COMERCIAIS E DE SERVICOS"
1831673;181;486;"MANUTENCAO E REPARO EM EQUIPAMENTOS FERROVIARIOS"
1831674;182;487;"MANUTENCAO E REPARO EM MAQUINAS E EQUIPAMENTOS HIDRAULICOS"
1831675;183;501;"ADMINISTRACAO DE GARAGEM"
1831676;184;502;"LOCACAO DE AERONAVES"
1831677;185;503;"LOCACAO DE AMBULANCIAS"
1831678;186;504;"LOCACAO DE ARTIGOS E EQUIPAMENTOS PARA REALIZACAO DE EVENTOS"
1831679;187;505;"LOCACAO DE BOMBAS E COMPRESSORES"
1831680;188;506;"LOCACAO DE CANAIS PARA TRANSMISSAO DE SINAIS VIA SATELITE"
1831681;189;507;"LOCACAO DE MAQUINAS E EQUIPAMENTOS PARA CONSTRUCAO CIVIL"
1831682;190;508;"LOCACAO DE EQUIPAMENTOS DE ELEVACAO E MOVIMENTACAO DE CARGA"
1831683;191;509;"LOCACAO DE ESCADAS E ANDAIMES"
1831684;192;510;"LOCACAO DE EQUIPAMENTOS GRAFICOS"
1831685;193;511;"LOCACAO DE MAQUINAS E EQUIPAMENTOS PARA HELIOGRAFIA"
1831686;194;512;"LOCACAO DE EQUIPAMENTOS DE INFORMATICA"
1831687;195;513;"LOCACAO DE EQUIPAMENTOS E MOBILIARIO ESCRITORIO"
1831688;196;514;"LOCACAO DE EQUIPAMENTOS DE MICROFILMAGEM"
1831689;197;515;"LOCACAO DE EQUIPAMENTOS ODONTOLOGICOS, MEDICOS, HOSPITALARES E LABORATORIAIS"
1831690;198;516;"LOCACAO DE EQUIPAMENTOS DE RADIOCOMUNICACAO"
1831691;199;517;"LOCACAO DE EQUIPAMENTOS DE REFRIGERACAO E DE CONDICIONAMENTO DE AR"
1831692;200;518;"LOCACAO DE MAQUINAS E EQUIPAMENTOS PARA REPROGRAFIA"
1831693;201;519;"LOCACAO DE EQUIPAMENTOS DE SEGURANCA ELETRONICA"
1831694;202;520;"LOCACAO DE EQUIPAMENTOS E APARELHOS PARA TELECOMUNICACAO"
1831695;203;521;"LOCACAO DE MAQUINAS E EQUIPAMENTOS PARA TERRAPLANAGEM, ESCAVACAO E AGRICOLAS"
1831696;204;522;"LOCACAO DE EQUIPAMENTOS TOPOGRAFICOS"
1831697;205;523;"LOCACAO E ADMINISTRACAO DE IMOVEIS"
1831698;206;524;"LOCACAO DE LINHAS PARA COMUNICACAO DE DADOS"
1831699;207;525;"LOCACAO E ADMINISTRACAO DE MAO DE OBRA PARA CONSERVACAO E LIMPEZA"
1831700;208;526;"LOCACAO DE MAO DE OBRA PARA APOIO OPERACIONAL E ADMINISTRATIVO"
1831701;209;527;"LOCACAO DE TANQUES, CILINDROS E EQUIPAMENTOS PARA SISTEMA CENTRALIZADODE GASES"
1831702;210;528;"LOCACAO DE TV POR ASSINATURA"
1831703;211;529;"LOCACAO DE VEICULOS DE DUAS E TRES RODAS"
1831704;212;530;"LOCACAO DE VEICULOS DE TRANPORTE DE PASSAGEIROS"
1831705;213;531;"LOCACAO DE VEICULOS PARA TRANSPORTE COLETIVO"
1831706;214;532;"LOCACAO DE VEICULOS PARA TRANSPORTE DE CARGA"
1831707;215;533;"LOCACAO DE ARTIGOS PARA CAMPING"
1831708;216;534;"LOCACAO DE EQUIPAMENTOS E ARTIGOS PARA COMUNICACAO VISUAL"
1831709;217;535;"LOCACAO DE EQUIPAMENTOS PARA LIMPEZA"
1831710;218;536;"SERVICOS DE LIMPEZA E CONSERVACAO DE CANAIS DE IRRIGACAO"
1831711;219;537;"LOCACAO DE EQUIPAMENTOS DE COMBATE A INCENDIO"
1831712;220;538;"SERVICOS DE CO-GESTAO PRISIONAL"
1831713;221;539;"SERVICOS DE ADMINISTRACAO E GERENCIAMENTO DE FROTA DE VEICULOS"
1831714;222;540;"LOCACAO DE SOFTWARE"
1831715;223;541;"LOCACAO DE ARTIGOS PARA PRODUCOES ARTISTICAS"
1831716;224;542;"LOCACAO DE COMPONENTES, ACESSORIOS E EQUIPAMENTOS PARA AERONAVES"
1831717;225;543;"LOCACAO E ADMINISTRACAO DE IMOVEIS RURAIS"
1831718;226;544;"LOCACAO DE EQUIPAMENTOS/UTENSILIOS PARA INSTALACOES SANITARIAS"
1831719;227;545;"LOCACAO DE EQUIPAMENTOS PARA CONTROLE DE ACESSO"
1831720;228;546;"LOCACAO DE MAQUINAS DE FRANQUIA"
1831721;229;547;"LOCACAO DE VESTUARIO"
1831722;230;548;"SERVICOS DE GERENCIAMENTO,MANUTENCAO E LIMPEZA, ORGANIZACAO E CONSERVACAO DE DOCUMENTOS EM ARQUIVOS DE ORGAOS PUBLICOS"
1831723;231;549;"LOCACAO DE CONTAINER ALFANDEGARIO E UTENSILIOS PARA LIMPEZA E CONTENCAO DE LIXO"
1831724;232;601;"SERVICOS DE AGENCIAMENTO DE VIAGENS E ATIVIDADES CORRELATAS"
1831725;233;602;"SERVICOS ARTISTICOS"
1831726;234;603;"ASSINATURA DE JORNAIS, REVISTAS, PERIODICOS E TV POR ASSINATURA"
1831727;235;604;"SERVICOS DE CAPTACAO DE PUBLICACOES"
1831728;236;605;"SERVICOS DE CARREGAMENTO E DESCARREGAMENTO"
1831729;237;606;"SERVICOS CINEMATOGRAFICOS"
1831730;238;607;"SERVICOS DE CONSERVACAO E LIMPEZA DE CORTINAS, PAINEIS, PERSIANAS E TOLDOS"
1831731;239;608;"SERVICOS DE ADMINISTRACAO, CONSERVACAO E LIMPEZA PREDIAL"
1831732;240;609;"SERVICOS DE CONSERVACAO VIARIA"
1831733;241;610;"SERVICOS DE DESEMBARACO ALFANDEGARIO"
1831734;242;611;"SERVICOS DE DESRATIZACAO E DEDETIZACAO"
1831735;243;612;"SERVICOS DE DESINFECCAO HOSPITALAR"
1831736;244;613;"SERVICOS DE REPROGRAFIA,DIGITALIZACAO E MICROFILMAGEM"
1831737;245;614;"SERVICOS DE FORNECIMENTO DE ALIMENTACAO"
1831738;246;615;"SERVICOS DE FORNECIMENTO DE REFEICOES"
1831739;247;616;"SERVICOS DE FORNECIMENTO DE SOFTWARE"
1831740;248;617;"SERVICOS DE FORNECIMENTO DE VALE REFEICAO, VALE ALIMENTACAO E VALE COMPRAS"
1831741;249;618;"SERVICOS DE FORNECIMENTO DE VALE TRANSPORTE"
1831742;250;619;"SERVICOS DE FILMAGEM, FOTOGRAFIA E REVELACAO DE FILMES"
1831743;251;620;"SERVICOS FUNERARIOS"
1831744;252;621;"SERVICOS GRAFICOS"
1831745;253;622;"SERVICOS DE HOSPEDAGEM"
1831746;254;624;"SERVICOS DE LAVANDERIA"
1831747;255;625;"SERVICOS DE LIMPEZA E TRATAMENTO DE REDE DE AGUA, PISCINAS E CAIXAS DAGUA"
1831748;256;626;"SERVICOS DE MANUTENCAO DE JARDINS"
1831749;257;627;"SERVICOS DE MARCENARIA E CARPINTARIA"
1831750;258;628;"SERVICOS DE MICROFILMAGEM"
1831751;259;629;"SERVICOS DE ORGANIZACAO E PROMOCAO DE EVENTOS"
1831752;260;630;"SERVICOS DE PREPARACAO E EXECUCAO DE CONCURSOS"
1831753;261;631;"SERVICOS DE PUBLICACAO EM JORNAIS E PERIODICOS"
1831754;262;632;"SERVICOS DE PUBLICIDADE, PROPAGANDA E COMUNICACAO SOCIAL"
1831755;263;633;"SERVICOS DE PRODUCAO CINEMATOGRAFICA E DE VIDEO"
1831756;264;634;"SERVICOS DE TRANSCRICAO DE FITAS GRAVADAS EM REUNIOES TECNICAS E/ OU EVENTOS E ELABORACAO DE ATAS EM MEIO MAGNETICO"
1831757;265;635;"SERVICOS DE REBOQUE DE VEICULOS"
1831758;266;636;"SERVICOS DE RECARGA DE CARTUCHOS"
1831759;267;637;"SERVICOS DE RECARGA DE CARTUCHOS PARA LEITORA/COPIADORA"
1831760;268;638;"SERVICOS REPROGRAFICOS"
1831761;269;639;"SERVICOS DE SEGUROS"
1831762;270;640;"SERVICOS DE SERRALHERIA E FUNILARIA"
1831763;271;641;"SERVICOS DE TELEFONIA FIXA, MOVEL E COMUNICACAO DE DADOS"
1831764;272;642;"SERVICOS DE USINAGEM"
1831765;273;643;"SERVICOS DE VIDRACARIA"
1831766;274;644;"SERVICOS DE VIGILANCIA"
1831767;275;645;"SERVICOS DE VIGILANCIA ELETRONICA"
1831768;276;646;"SERVICOS PAGAMENTO A TERCEIROS (LINHA FORNECIMENTO NAO DISPONIVEL PARAFORNECEDORES/USO EXCLUSIVO DO ESTADO)"
1831769;277;647;"SERVICOS EVENTUAIS PRESTADOS POR PESSOA FISICA"
1831770;278;648;"SERVICOS DE CONSERVACAO E RECUPERACAO DE PISOS"
1831771;279;649;"SERVICO DE DESENTUPIMENTO E LIMPEZA DE FOSSA SEPTICA, CAIXA DE GORDURAE ESGOTO"
1831772;280;650;"SERVICOS DE ESTILISMO"
1831773;281;651;"SERVICOS DE DECORACAO"
1831774;282;652;"SERVICOS DE GUARDA/ESTACIONAMENTO DE VEICULOS OFICIAIS E NAO OFICIAIS"
1831775;283;653;"SERVICOS DE PRODUCAO DE AUDIO"
1831776;284;654;"SERVICOS DE CONSERVACAO E LIMPEZA DE MOBILIARIO"
1831777;285;655;"SERVICO DE EXTENSAO DE GARANTIA PARA EQUIPAMENTOS DIVERSOS"
1831778;286;656;"VIABILIZACAO DE ESPACO FISICO"
1831779;287;657;"SERVICOS DE EMISSAO DE PASSAGENS"
1831780;288;701;"SERVICOS DE ANALISES CLINICAS, PATOLOGICAS E LABORATORIAIS"
1831781;289;702;"SERVICOS DE ANALISES QUIMICAS E FISICO QUIMICAS"
1831782;290;703;"SERVICOS DE AUDITORIA EM AREA CONTABIL"
1831783;291;704;"SERVICOS DE AUDITORIA EM AREA DE ENGENHARIA"
1831784;292;705;"SERVICOS DE AUDITORIA EM AREA FINANCEIRA/ADMINISTRATIVA"
1831785;293;706;"SERVICOS DE AUDITORIA EM AREA FISCAL"
1831786;294;707;"SERVICOS DE COMPUTACAO GRAFICA"
1831787;295;708;"SERVICOS DE CONSULTORIA E ASSESSORIA EM COMUNICACAO SOCIAL"
1831788;296;709;"SERVICOS DE CONSULTORIA E ASSESSORIA CONTABIL"
1831789;297;710;"SERVICOS DE CONSULTORIA E ASSESSORIA EM AREA CULTURAL OU ESPORTIVA"
1831790;298;711;"SERVICOS DE CONSULTORIA E ASSESSORIA EM ECONOMIA"
1831791;299;712;"SERVICOS DE CONSULTORIA E ASSESSORIA EM EDUCACAO"
1831792;300;713;"SERVICOS DE CONSULTORIA E ASSESSORIA EM ENGENHARIA"
1831793;301;714;"SERVICOS DE CONSULTORIA E ASSESSORIA FINANCEIRA/ADMINISTRATIVA"
1831794;302;715;"SERVICOS DE CONSULTORIA E ASSESSORIA FISCAL"
1831795;303;716;"SERVICOS DE CONSULTORIA E ASSESSORIA EM INFORMATICA"
1831796;304;717;"SERVICOS DE CONSULTORIA E ASSESSORIA JURIDICA"
1831797;305;718;"SERVICOS DE CONSULTORIA E ASSESSORIA EM MARKETING"
1831798;306;719;"SERVICOS DE CONSULTORIA E ASSESSORIA EM DESENVOLVIMENTO SOCIO AMBIENTAL"
1831799;307;720;"SERVICOS DE CONSULTORIA E ASSESSORIA EM MICROFILMAGEM"
1831800;308;721;"SERVICOS TECNICOS E ESPECIALIZADOS NA AREA DE SAUDE"
1831801;309;722;"SERVICOS DE CONSULTORIA E ASSESSORIA EM SEGUROS"
1831802;310;723;"SERVICOS DE CONSULTORIA, AUDITORIA E ASSESSORIA EM AREA DE TELECOMUNI CACAO"
1831803;311;724;"SERVICOS ESPECIALIZADOS DE ENSAIO EM MATERIAIS E EQUIPAMENTOS"
1831804;312;725;"SERVICOS DE PESQUISA MERCADO E OPINIAO"
1831805;313;726;"SERVICOS TECNICOS ESPECIALIZADOS NA AREA DE INFORMATICA"
1831806;314;727;"SERVICOS DE REABILITACAO BIO PSICO PEDAGOGICA"
1831807;315;728;"SERVICOS DE RESTAURACAO DE ACERVOS DE BIBLIOTECA"
1831808;316;729;"SERVICOS DE TREINAMENTO E APERFEICOAMENTO DE PESSOAL"
1831809;317;730;"SERVICOS DE TREINAMENTO E CAPACITACAO DE PROFESSORES"
1831810;318;731;"SERVICOS MEDICOS"
1831811;319;732;"SERVICOS DE ESTAGIARIOS"
1831812;320;733;"SERVICOS DE TECNOLOGIA DA INFORMACAO EXECUTADOS PELA PRODEMGE"
1831813;321;734;"SERVICOS DE REGENERACAO DE RESINA DE LEITO MISTO DE SISTEMA DE TRATAMENTO DE AGUA"
1831814;322;735;"SERVICOS ESPECIALIZADOS DE CALIBRACAO E AFERICAO DE EQUIPAMENTOS E INSTRUMENTOS"
1831815;323;736;"SERVICOS DE CONFECCAO DE CARTAO-CRACHA ELETRONICO,COMPUTADORIZADO,CAR TAO MAGNETICO E ETIQUETAS PARA IMPRESSAO DE CODIGOS DE BARRAS"
1831816;324;737;"SERVICOS DE INSPECAO VEICULAR PARA TROCA DE CATEGORIA"
1831817;325;738;"SERVICOS DE FORNECIMENTO DE VENENO DE ANIMAIS PARA ESTUDOS,PESQUISAS, PRODUCAO DE SOROS E MEDICAMENTOS"
1831818;326;739;"SERVICOS DE INDUSTRIALIZACAO DE MEDICAMENTOS"
1831819;327;740;"SERVICOS DE CONSULTORIA E ASSESSORIA EM AREA DE CIENCIA E TECONOLOGIA"
1831820;328;741;"SERVICOS ESPECIALIZADOS NA AREA DE BIBLIOTECONOMIA"
1831821;329;742;"SERVICOS DE LAVANDERIA"
1831822;330;743;"SERVICOS FUNERARIOS"
1831823;331;744;"SERVICOS DE PRODUCOES JORNALISTICAS"
1831824;332;745;"SERVICOS DE JULGAMENTO DE ANIMAIS EM EVENTOS AGROPECUARIOS"
1831825;634;5510;"EQUIPAMENTOS, COMPONENTES, ACESSORIOS E SUPRIMENTOS PARA AUDIO, VIDEO E FOTOGRAFIA"
1831826;635;5515;"COMPONENTES, ACESSORIOS E SUPRIMENTOS FOTOGRAFICOS E CINEMATOGRAFICOS"
1831827;636;5520;"GRAVACOES FONOGRAFICAS E FITAS PARA AUDIO E VIDEO"
1831828;637;5610;"CURSOS EM MEIO MAGNETICO"
1831829;638;5615;"PROVAS E TESTES"
1831830;639;5620;"MATERIAL PEDAGOGICO"
1831831;640;5625;"MODELOS MANEQUINS PARA ESTUDO E TREINAMENTO"
1831832;641;5710;"EQUIPAMENTOS DE INFORMATICA"
1831833;642;5715;"COMPONENTES, ACESSORIOS E PERIFERICOS PARA INFORMATICA"
1831834;643;5720;"SUPRIMENTOS DE INFORMATICA"
1831835;644;5810;"MOBILIARIO DOMESTICO E SOCIAL"
1831836;645;5815;"MOBILIARIO DE ESCRITORIO"
1831837;646;5820;"MOBILIARIO ESCOLAR"
1831838;647;5825;"MOBILIARIO DE AUDITORIO"
1831839;648;5830;"MOBILIARIO PARA VARANDAS, JARDINS E AREAS DE LAZER"
1831840;649;5835;"MOBILIARIO COMERCIAL E DE SERVICOS"
1831841;650;5840;"COMPONENTES E PECAS PARA MOBILIARIOS"
1831842;651;5910;"ARTIGOS PARA CAMA, MESA E BANHO"
1831843;652;5915;"ARTIGOS INFANTIS"
1831844;653;5920;"TAPETES, CORTINAS, TOLDOS, PERSIANAS E COMPONENTES"
1831845;654;5925;"ARTIGOS DOMESTICOS E COMPONENTES"
1831846;655;5930;"ELETRODOMESTICOS, COMPONENTES E ACESSORIOS"
1831847;656;5935;"COMPONENTES E ACESSORIOS PARA ELETRODOMESTICOS"
1831848;657;5940;"EQUIPAMENTOS PARA COZINHA INDUSTRIAL"
1831849;658;5945;"COMPONENTES E ACESSORIOS PARA COZINHA INDUSTRIAL"
1831850;659;5950;"ARTIGOS PARA REFEITORIO E COZINHA INDUSTRIAL"
1831851;660;5955;"ARTIGOS DESCARTAVEIS PARA COPA E COZINHA"
1831852;661;5960;"RECIPIENTES DE USO COMERCIAL"
1831853;662;6010;"PAPELARIA, UTENSILIOS E ARTIGOS PARA ESCRITORIO"
1831854;663;6015;"PAPELARIA E ARTIGOS PARA ESCRITORIO"
1831855;664;6020;"EQUIPAMENTOS DE ESCRITORIO, COMPONENTES E PECAS"
1831856;665;6025;"COMPONENTES E ACESSORIOS PARA EQUIPAMENTOS DE ESCRITORIO"
1831857;666;6110;"LIVROS DIDATICOS E DE LITERATURA"
1831858;667;6115;"LIVROS TECNICOS"
1831859;668;6120;"ENCICLOPEDIAS, DICIONARIOS E COLECOES"
1831860;669;6125;"CARTILHAS E FOLHETOS"
1831861;670;6130;"JORNAIS E PERIODICOS"
1831862;671;6135;"MAPAS"
1831863;672;6210;"INSTRUMENTOS MUSICAIS, COMPONENTES E SUPRIMENTOS"
1831864;673;6215;"EQUIPAMENTOS DE AUDIO/SONORIZACAO E VIDEO"
1831865;674;6220;"COMPONENTES E ACESSORIOS DE AUDIO/SONORIZACAO E VIDEO"
1831866;675;6225;"PARTITURAS"
1831867;676;6310;"EQUIPAMENTOS PARA RECREACAO E DESPORTO"
1932186;2763;1517;"EQUIPAMENTO SIMULADOR DE DIRECAO VEICULAR"
1903677;2723;1621;"ATIVIDADES DE ORGANIZACOES SINDICAIS"
1906025;2744;566;"LOCACAO DE EQUIPAMENTOS DA AREA DE HIDROLOGIA"
1906026;2743;7411;"COMERCIO VAREJISTA DE OUTROS ARTIGOS USADOS"
