id_unidade_medida;sqa_unidade_medida;cd_unidade_medida;nome
420;757;9;"FRASCO 250 MILILITRO"
421;758;24;"GARRAFA 900 MILILITRO"
422;759;52;"AMPOLA 5 MILILITRO"
423;760;63;"FRASCO 120 MILILITRO"
424;761;87;"FRASCO 3 MILILITRO"
425;762;88;"FRASCO 5 MILILITRO"
426;763;89;"FRASCO 10 MILILITRO"
427;764;90;"FRASCO 15 MILILITRO"
428;765;91;"FRASCO 18 MILILITRO"
429;766;92;"FRASCO 20 MILILITRO"
430;767;93;"FRASCO 40 MILILITRO"
431;768;112;"FRASCO 45 MILILITRO"
432;769;113;"FRASCO 50 MILILITRO"
433;770;114;"FRASCO 100 MILILITRO"
434;771;115;"FRASCO 180 MILILITRO"
435;772;116;"FRASCO 200 MILILITRO"
436;773;117;"FRASCO 210 MILILITRO"
437;774;118;"FRASCO 240 MILILITRO"
438;775;119;"FRASCO 300 MILILITRO"
439;776;120;"FRASCO 500 MILILITRO"
440;777;121;"FRASCO 600 MILILITRO"
441;778;125;"FRASCO 110 MILILITRO"
442;779;126;"FRASCO 8 MILILITRO"
443;780;127;"FRASCO 12 MILILITRO"
444;781;128;"FRASCO 30 MILILITRO"
445;782;129;"FRASCO 34 MILILITRO"
446;783;130;"FRASCO 60 MILILITRO"
447;784;131;"FRASCO 70 MILILITRO"
448;785;397;"AMPOLA 2.5 MILILITRO"
449;786;398;"LATA 900 MILILITRO"
450;787;132;"FRASCO 150 MILILITRO"
451;788;160;"FRASCO 24 MILILITRO"
452;789;165;"FRASCO 105 MILILITRO"
453;790;166;"FRASCO 75 MILILITRO"
454;791;230;"FRASCO 400 MILILITRO"
455;792;231;"FRASCO 750 MILILITRO"
456;793;236;"FRASCO 900 MILILITRO"
457;794;249;"FRASCO 37 MILILITRO"
458;795;263;"LATA 850 MILILITRO"
459;796;269;"AMPOLA 1 MILILITRO"
460;797;270;"AMPOLA 10 MILILITRO"
461;798;271;"AMPOLA 2 MILILITRO"
462;799;272;"AMPOLA 20 MILILITRO"
463;800;273;"FRASCO 125 MILILITRO"
464;901;948;"FRASCO 2725 MILILITRO"
465;902;951;"FRASCO-AMPOLA 10 MILILITRO"
466;903;952;"FRASCO 3000 MILILITRO"
467;904;962;"BISNAGA 150 MILILITRO"
468;905;977;"FRASCO 850 MILILITRO"
469;906;987;"FRASCO-AMPOLA 5 MILILITRO"
470;907;1022;"FRASCO 18.5 MILILITRO"
471;908;1024;"KIT 1 MILILITRO"
472;909;1055;"CARTUCHO 400 MILILITRO"
473;910;1056;"LATA 320 MILILITRO"
474;911;1069;"FRASCO 59 MILILITRO"
475;912;1070;"FRASCO 473 MILILITRO"
476;862;708;"FRASCO 360 MILILITRO"
477;863;713;"COPO 200 MILILITRO"
478;864;717;"SERINGA 5 MILILITRO"
479;865;738;"FRASCO 65 MILILITRO"
480;866;741;"MILILITRO"
481;867;746;"BOLSA 150 MILILITRO"
482;868;747;"BOLSA 200 MILILITRO"
483;869;748;"BOLSA 300 MILILITRO"
484;870;749;"BOLSA 350 MILILITRO"
485;871;750;"BOLSA 400 MILILITRO"
486;872;751;"BOLSA 450 MILILITRO"
487;873;752;"BOLSA 550 MILILITRO"
488;874;753;"BOLSA 600 MILILITRO"
489;875;754;"BOLSA 650 MILILITRO"
490;876;755;"BOLSA 700 MILILITRO"
491;877;756;"BOLSA 750 MILILITRO"
492;878;757;"BOLSA 800 MILILITRO"
493;879;758;"BOLSA 850 MILILITRO"
494;880;759;"BOLSA 900 MILILITRO"
495;881;760;"BOLSA 1150 MILILITRO"
496;882;768;"FRASCO 7.8 MILILITRO"
497;883;779;"GARRAFA 750 MILILITRO"
498;884;780;"FRASCO 55 MILILITRO"
499;885;793;"POTE 500 MILILITRO"
500;886;794;"POTE 15 MILILITRO"
501;887;810;"GARRAFA 500 MILILITRO"
502;888;813;"LATA 200 MILILITRO"
503;889;824;"FRASCO 320 MILILITRO"
504;890;831;"TUBO 40 MILILITRO"
505;891;836;"LATA 800 MILILITRO"
506;892;905;"FRASCO 510 MILILITRO"
507;893;936;"POTE 100 MILILITRO"
508;894;941;"FRASCO 575 MILILITRO"
509;895;942;"FRASCO 585 MILILITRO"
510;896;943;"FRASCO 650 MILILITRO"
511;897;944;"FRASCO 810 MILILITRO"
512;898;945;"FRASCO 820 MILILITRO"
513;899;946;"FRASCO 1100 MILILITRO"
514;900;947;"FRASCO 2700 MILILITRO"
515;801;274;"FRASCO 23 MILILITRO"
516;802;281;"TUBO 85 MILILITRO"
517;803;283;"LATA 300 MILILITRO"
518;804;289;"FRASCO 2000 MILILITRO"
519;805;295;"LATA 500 MILILITRO"
520;806;353;"FRASCO 35 MILILITRO"
521;807;358;"FRASCO 190 MILILITRO"
522;808;360;"AMPOLA 3 MILILITRO"
523;809;364;"FRASCO 11 MILILITRO"
524;810;386;"FRASCO 6 MILILITRO"
525;811;392;"VIDRO 30 MILILITRO"
526;812;402;"FRASCO 25 MILILITRO"
527;813;407;"FRASCO 80 MILILITRO"
528;814;413;"TUBO 400 MILILITRO"
529;815;427;"AMPOLA 4 MILILITRO"
530;816;437;"FRASCO 17.5 MILILITRO"
531;817;438;"FRASCO 13 MILILITRO"
532;818;445;"AMPOLA 1.5 MILILITRO"
533;819;446;"AMPOLA 6 MILILITRO"
534;820;449;"FRASCO 475 MILILITRO"
535;821;452;"BOLSA 1000 MILILITRO"
536;822;456;"FRASCO 2 MILILITRO"
537;823;457;"FRASCO 7 MILILITRO"
538;824;459;"FRASCO 4 MILILITRO"
539;825;465;"FRASCO 22.5 MILILITRO"
540;826;466;"FRASCO 33.5 MILILITRO"
541;827;469;"FRASCO 1.5 MILILITRO"
542;828;482;"FRASCO 1 MILILITRO"
543;829;486;"AMPOLA 25 MILILITRO"
544;830;490;"FRASCO .5 MILILITRO"
545;831;493;"LATA 237 MILILITRO"
546;832;495;"FRASCO 130 MILILITRO"
547;833;503;"FRASCO 90 MILILITRO"
548;834;504;"LATA 250 MILILITRO"
549;835;517;"FRASCO 2.5 MILILITRO"
550;836;520;"POTE 250 MILILITRO"
551;837;533;"COPO 250 MILILITRO"
552;838;534;"GARRAFA 290 MILILITRO"
553;839;535;"LATA 350 MILILITRO"
554;840;549;"LATA 750 MILILITRO"
555;841;561;"TUBO 350 MILILITRO"
556;842;591;"FRASCO 800 MILILITRO"
557;843;594;"LATA 75 MILILITRO"
558;844;603;"AMPOLA .25 MILILITRO"
559;845;604;"BOLSA 500 MILILITRO"
560;846;616;"FRASCO 140 MILILITRO"
561;847;617;"FRASCO 340 MILILITRO"
562;848;644;"AMPOLA 50 MILILITRO"
563;849;656;"GARRAFA 700 MILILITRO"
564;850;657;"BOLSA 50 MILILITRO"
565;851;658;"BOLSA 100 MILILITRO"
566;852;659;"BOLSA 250 MILILITRO"
567;853;671;"FRASCO 62.5 MILILITRO"
568;854;683;"FRASCO 350 MILILITRO"
569;855;684;"TUBO 1.8 MILILITRO"
570;856;685;"FRASCO 1.8 MILILITRO"
571;857;687;"FRASCO 9 MILILITRO"
572;858;688;"AMPOLA 8 MILILITRO"
573;859;691;"AMPOLA 30 MILILITRO"
574;860;693;"FRASCO 450 MILILITRO"
575;861;703;"SACHE 8 MILILITRO"
576;954;772;"MILIMETRO"
577;953;374;"FRASCO 42 MILIMETRO"
578;955;787;"BARRA 12 METROS"
579;956;788;"PECA 3 METROS"
580;957;795;"ROLO 45 METRO"
581;958;822;"ROLO 7.2 METRO"
582;959;960;"PECA 10 METROS"
583;960;979;"PECA 5 METROS"
584;967;1331;"PECA 15 METROS"
585;962;985;"CABO 1.5 METROS"
586;963;986;"CABO 2.5 METROS"
587;964;1017;"CABO 1.8 METROS"
588;965;1018;"CABO 3 METROS"
589;966;1042;"CABO 3.5 METRO"
590;961;980;"ROLO 750 METRO"
591;968;1345;"METRO LINEAR"
592;969;11;"1 METRO QUADRADO"
593;971;720;"METRO CUBICO 1000 METRO CUBICO"
594;970;10;"1 METRO CUBICO"
595;972;41;"CAIXA 1 PAR"
596;973;550;"CAIXA 50 PAR"
597;976;1049;"CAIXA 10 PAR"
598;975;845;"EMBALAGEM 1 PAR"
599;974;837;"CAIXA 12 PAR"
600;977;1297;"PACOTE 5 UNIDADE 200GR"
601;978;275;"CAIXA 50 PECAS"
602;980;904;"PACOTE 3 UN"
603;979;404;"UN"
604;981;710;"1 REACAO"
605;983;692;"FARDO 64 ROLO"
606;982;642;"FARDO 8 ROLO"
607;985;1194;"SELO 4000 SEMANA"
608;984;390;"SEMANA"
609;986;598;"1 SEMESTRE"
610;987;15;"1 TONELADA"
611;988;827;"1 TESTES"
612;1025;888;"KIT 300 TESTES"
613;990;852;"KIT 100 TESTES"
614;991;853;"KIT 120 TESTES"
615;992;854;"KIT 130 TESTES"
616;993;855;"KIT 384 TESTES"
617;994;856;"KIT 450 TESTES"
618;995;857;"KIT 400 TESTES"
619;996;858;"KIT 480 TESTES"
620;997;859;"KIT 500 TESTES"
621;998;860;"KIT 576 TESTES"
622;999;861;"KIT 600 TESTES"
623;1000;862;"KIT 800 TESTES"
624;1026;889;"KIT 360 TESTES"
625;1027;890;"KIT 960 TESTES"
626;1028;891;"KIT 55 TESTES"
627;1029;892;"KIT 198 TESTES"
628;1030;926;"KIT 346 TESTES"
629;1031;928;"KIT 180 TESTES"
630;1032;932;"KIT 150 TESTES"
631;1033;1020;"KIT 27 TESTES"
632;1034;1044;"KIT 220 TESTES"
633;1035;1045;"KIT 335 TESTES"
634;1036;1086;"KIT 280 TESTES"
635;1037;1087;"KIT 420 TESTES"
636;1038;1186;"KIT 192 TESTES"
637;1001;863;"KIT 1000 TESTES"
638;1002;864;"KIT 1152 TESTES"
639;1003;865;"KIT 8 TESTES"
640;1004;866;"KIT 10 TESTES"
641;1005;867;"KIT 12 TESTES"
642;1006;868;"KIT 15 TESTES"
643;1007;869;"KIT 18 TESTES"
644;1008;870;"KIT 20 TESTES"
645;1009;871;"KIT 25 TESTES"
646;1010;872;"KIT 30 TESTES"
647;1011;873;"KIT 36 TESTES"
648;1012;874;"KIT 40 TESTES"
649;1013;875;"KIT 45 TESTES"
650;1014;876;"KIT 48 TESTES"
651;1015;877;"KIT 50 TESTES"
652;1016;878;"KIT 60 TESTES"
653;1017;879;"KIT 70 TESTES"
654;1018;880;"KIT 80 TESTES"
655;1019;881;"KIT 90 TESTES"
656;1020;882;"KIT 200 TESTES"
657;1021;883;"KIT 240 TESTES"
658;1022;885;"KIT 250 TESTES"
659;1023;886;"KIT 333 TESTES"
660;1024;887;"KIT 140 TESTES"
661;989;851;"KIT 96 TESTES"
662;1039;719;"1 TRIMESTRE"
663;1041;1304;"FRASCO 250 MICROLITROS"
664;1040;1190;"FRASCO 100 MICROLITROS"
665;1198;584;"CAIXA 12000 UNIDADE"
666;1199;655;"ROLO 1212 UNIDADE"
667;1200;618;"ENVELOPE 2 UNIDADE"
668;1301;1267;"CAIXA 78 UNIDADE"
669;1302;1269;"FARDO 14 UNIDADE"
670;1303;1271;"CAIXA 112 UNIDADE"
671;1304;1273;"CAIXA 900 UNIDADE"
672;1305;1278;"EMBALAGEM 15 UNIDADE"
673;1306;1283;"ROLO 700 UNIDADE"
674;1307;1285;"BLISTER 25 UNIDADE"
675;1308;1287;"CARTUCHO 8 UNIDADE"
676;1309;1306;"EMBALAGEM 50 UNIDADE"
677;1310;1307;"CAIXA 63 UNIDADE"
678;1311;1308;"CAIXA 450 UNIDADE"
679;1312;1312;"EMBALAGEM 4 UNIDADE"
680;1313;1314;"CAIXA 490 UNIDADE"
681;1314;1315;"CAIXA 70 UNIDADE"
682;1315;1319;"CAIXA 10000 UNIDADE"
683;1316;1320;"FRASCO 2000 UNIDADE"
684;1317;1329;"BLISTER 50 UNIDADE"
685;1318;1332;"CAIXA 1005 UNIDADE"
686;1319;1342;"CAIXA 1500 UNIDADE"
687;1320;1343;"FRASCO 180 UNIDADE"
688;1423;1350;"CAIXA 540 UNIDADE"
689;1462;1353;"BLISTER 9 UNIDADE"
690;1542;1357;"FRASCO 2500 UNIDADE"
691;1623;1363;"EMBALAGEM 100 UNIDADE"
692;1743;1371;"PACOTE 7 UNIDADE"
693;1744;1372;"PACOTE 30 UNIDADE"
694;1745;1373;"PACOTE 52 UNIDADE"
695;1783;1375;"BLISTER 3 UNIDADE"
696;1703;1369;"POTE 270 UNIDADE"
697;1134;347;"CAIXA 210 UNIDADE"
698;1135;349;"PACOTE 240 UNIDADE"
699;1136;350;"ROLO 240 UNIDADE"
700;1137;351;"CAIXA 160 UNIDADE"
701;1138;352;"CAIXA 700 UNIDADE"
702;1139;357;"CAIXA 9000 UNIDADE"
703;1140;362;"ENVELOPE 20 UNIDADE"
704;1141;365;"CAIXA 36 UNIDADE"
705;1142;366;"ENVELOPE 4 UNIDADE"
706;1143;367;"ENVELOPE 36 UNIDADE"
707;1144;368;"ENVELOPE 8 UNIDADE"
708;1145;369;"CAIXA 35 UNIDADE"
709;1146;373;"CAIXA 4000 UNIDADE"
710;1147;375;"CAIXA 1400 UNIDADE"
711;1148;382;"CAIXA 240 UNIDADE"
712;1149;383;"PACOTE 6 UNIDADE"
713;1150;384;"CAIXA 26 UNIDADE"
714;1151;388;"ROLO 2000 UNIDADE"
715;1152;389;"PACOTE 40 UNIDADE"
716;1153;393;"TUBO 50 UNIDADE"
717;1154;411;"CAIXA 1300 UNIDADE"
718;1155;414;"CAIXA 300 UNIDADE"
719;1156;415;"CAIXA 192 UNIDADE"
720;1157;423;"CAIXA 600 UNIDADE"
721;1158;424;"CAIXA 280 UNIDADE"
722;1159;428;"CAIXA 350 UNIDADE"
723;1160;431;"CAIXA 45 UNIDADE"
724;1161;440;"JOGO 8 UNIDADE"
725;1162;441;"JOGO 10 UNIDADE"
726;1163;442;"JOGO 12 UNIDADE"
727;1164;443;"JOGO 14 UNIDADE"
728;1165;444;"JOGO 16 UNIDADE"
729;1166;458;"CAIXA 7 UNIDADE"
730;1167;460;"PACOTE 24 UNIDADE"
731;1168;463;"CAIXA 48 UNIDADE"
732;1169;464;"CAIXA 125 UNIDADE"
733;1170;467;"CAIXA 32 UNIDADE"
734;1171;470;"FRASCO 20 UNIDADE"
735;1172;473;"FRASCO 80 UNIDADE"
736;1173;474;"FRASCO 200 UNIDADE"
737;1174;477;"FRASCO 30 UNIDADE"
738;1175;478;"CAIXA 130 UNIDADE"
739;1176;479;"FRASCO 100 UNIDADE"
740;1177;480;"FRASCO 250 UNIDADE"
741;1178;481;"FRASCO 50 UNIDADE"
742;1179;506;"BLISTER 20 UNIDADE"
743;1180;521;"FRASCO 25 UNIDADE"
744;1181;522;"CAIXA 84 UNIDADE"
745;1182;523;"CAIXA 270 UNIDADE"
746;1183;524;"FRASCO 270 UNIDADE"
747;1184;525;"FRASCO 10 UNIDADE"
748;1185;527;"CAIXA 65 UNIDADE"
749;1186;528;"CAIXA 90 UNIDADE"
750;1187;529;"FRASCO 220 UNIDADE"
751;1188;538;"TUBO 100 UNIDADE"
752;1189;539;"CAIXA 180 UNIDADE"
753;1190;540;"CAIXA 360 UNIDADE"
754;1191;542;"PACOTE 400 UNIDADE"
755;1192;546;"CADERNO TORNASSOL 100 UNIDADE"
756;1193;552;"TUBO 6 UNIDADE"
757;1194;553;"TUBO 4 UNIDADE"
758;1195;555;"JOGO 20 UNIDADE"
759;1196;557;"JOGO 42 UNIDADE"
760;1197;583;"CAIXA 11 UNIDADE"
761;1270;1094;"KIT 5 UNIDADE"
762;1271;1095;"KIT 30 UNIDADE"
763;1272;1096;"KIT 60 UNIDADE"
764;1273;1117;"BLISTER 10 UNIDADE"
765;1274;1118;"CADERNO 12 UNIDADE"
766;1275;1120;"KIT 10 UNIDADE"
767;1276;1131;"FRASCO 120 UNIDADE"
768;1277;1134;"TUBO 1000 UNIDADE"
769;1278;1138;"FRASCO 12 UNIDADE"
770;1279;1144;"CAIXA 33 UNIDADE"
771;1280;1160;"ENVELOPE 3 UNIDADE"
772;1281;1162;"ROLO 400 UNIDADE"
773;1282;1165;"BLISTER 5 UNIDADE"
774;1283;1166;"CARTUCHO 60 UNIDADE"
775;1284;1167;"BLISTER 6 UNIDADE"
776;1285;1175;"KIT 260 UNIDADE"
777;1286;1184;"KIT 3 UNIDADE"
778;1287;1193;"CAIXA 190 UNIDADE"
779;1288;1215;"CAIXA 960 UNIDADE"
780;1289;1228;"ROLO 20 UNIDADE"
781;1290;1229;"ROLO 25 UNIDADE"
782;1291;1230;"ROLO 50 UNIDADE"
783;1292;1235;"POTE 100 UNIDADE"
784;1293;1238;"BLISTER 15 UNIDADE"
785;1294;1248;"CAIXA 504 UNIDADE"
786;1295;1249;"ENVELOPE 40 UNIDADE"
787;1296;1251;"ENVELOPE 50 UNIDADE"
788;1297;1262;"FRASCO 15 UNIDADE"
789;1298;1263;"CAIXA 168 UNIDADE"
790;1299;1264;"BLISTER 12 UNIDADE"
791;1300;1265;"BLISTER 18 UNIDADE"
792;1101;226;"FRASCO 40 UNIDADE"
793;1102;228;"CAIXA 144 UNIDADE"
794;1103;234;"ENVELOPE 60 UNIDADE"
795;1104;246;"FRASCO 60 UNIDADE"
796;1105;247;"FRASCO 70 UNIDADE"
797;1106;259;"CAIXA 480 UNIDADE"
798;1107;260;"PACOTE 5 UNIDADE"
799;1108;262;"PACOTE 1250 UNIDADE"
800;1109;282;"CAIXA 1620 UNIDADE"
801;1110;288;"CAIXA 96 UNIDADE"
802;1111;290;"BLISTER 21 UNIDADE"
803;1112;292;"CAIXA 80 UNIDADE"
804;1113;294;"CAIXA 150 UNIDADE"
805;1114;300;"PACOTE 500 UNIDADE"
806;1115;308;"JOGO 6 UNIDADE"
807;1116;310;"CADERNO 10 UNIDADE"
808;1117;315;"CAIXA 2500 UNIDADE"
809;1118;317;"ESTOJO 6 UNIDADE"
810;1119;319;"CAIXA 75 UNIDADE"
811;1120;320;"BLISTER 24 UNIDADE"
812;1121;321;"BLISTER 30 UNIDADE"
813;1122;323;"PACOTE 48 UNIDADE"
814;1123;324;"PACOTE 36 UNIDADE"
815;1124;325;"PACOTE 27 UNIDADE"
816;1125;326;"PACOTE 18 UNIDADE"
817;1126;327;"PACOTE 80 UNIDADE"
818;1127;328;"PACOTE 60 UNIDADE"
819;1128;330;"CAIXA 750 UNIDADE"
820;1129;332;"JOGO 2 UNIDADE"
821;1130;336;"CAIXA 2800 UNIDADE"
822;1131;337;"CAIXA 2000 UNIDADE"
823;1132;339;"JOGO 4 UNIDADE"
824;1133;344;"ENVELOPE 210 UNIDADE"
825;1206;627;"CAIXA 6000 UNIDADE"
826;1207;628;"CAIXA 18000 UNIDADE"
827;1208;629;"CAIXA 96000 UNIDADE"
828;1209;630;"BLISTER 2 UNIDADE"
829;1210;631;"BLISTER 4 UNIDADE"
830;1211;638;"CAIXA 1000 UNIDADE"
831;1212;639;"CAIXA 1600 UNIDADE"
832;1213;641;"PACOTE 14 UNIDADE"
833;1214;689;"ENVELOPE 1 UNIDADE"
834;1215;724;"ROLO 500 UNIDADE"
835;1216;725;"ROLO 1800 UNIDADE"
836;1217;731;"CAIXA 45000 UNIDADE"
837;1218;765;"ROLO 450 UNIDADE"
838;1219;766;"CAIXA 16000 UNIDADE"
839;1220;769;"CAIXA 38 UNIDADE"
840;1221;775;"TUBO 20 UNIDADE"
841;1222;807;"CAIXA 8000 UNIDADE"
842;1223;808;"CAIXA 24000 UNIDADE"
843;1224;834;"CAIXA 1025 UNIDADE"
844;1225;838;"TUBO 25 UNIDADE"
845;1226;841;"PACOTE 16 UNIDADE"
846;1227;843;"CAIXA 7000 UNIDADE"
847;1228;846;"CAIXA 86 UNIDADE"
848;1229;849;"PACOTE 1000 UNIDADE"
849;1230;893;"CAIXA 54 UNIDADE"
850;1231;896;"ROLO 800 UNIDADE"
851;1232;899;"CAIXA 800 UNIDADE"
852;1233;900;"CAIXA 320 UNIDADE"
853;1234;901;"FARDO 24 UNIDADE"
854;1235;907;"ROLO 600 UNIDADE"
855;1236;909;"ROLO 5000 UNIDADE"
856;1237;910;"ROLO 588 UNIDADE"
857;1238;927;"CARTUCHO 50 UNIDADE"
858;1239;933;"ROLO 597 UNIDADE"
859;1240;949;"CAIXA 15000 UNIDADE"
860;1241;950;"ENVELOPE 5 UNIDADE"
861;1242;954;"BOBINA 10000 UNIDADE"
862;1243;973;"CAIXA 525 UNIDADE"
863;1244;974;"PACOTE 800 UNIDADE"
864;1245;975;"CAIXA 4800 UNIDADE"
865;1246;976;"TUBO 500 UNIDADE"
866;1247;998;"CAIXA 496 UNIDADE"
867;1248;1000;"ROLO 100 UNIDADE"
868;1249;1010;"PACOTE 450 UNIDADE"
869;1250;1015;"EMBALAGEM 3 UNIDADE"
870;1251;1016;"CAIXA 2400 UNIDADE"
871;1252;1019;"EMBALAGEM 5 UNIDADE"
872;1253;1021;"CAIXA 27 UNIDADE"
873;1254;1026;"FARDO 12 UNIDADE"
874;1255;1027;"PACOTE 3 UNIDADE"
875;1256;1028;"BOBINA 250 UNIDADE"
876;1257;1029;"BOBINA 500 UNIDADE"
877;1258;1031;"EMBALAGEM 6 UNIDADE"
878;1259;1033;"FRASCO 500 UNIDADE"
879;1260;1034;"FRASCO 1000 UNIDADE"
880;1261;1035;"BOBINA 400 UNIDADE"
881;1262;1038;"BALDE 450 UNIDADE"
882;1263;1048;"PACOTE 2000 UNIDADE"
883;1264;1051;"CAIXA 840 UNIDADE"
884;1265;1064;"CAIXA 1344 UNIDADE"
885;1266;1067;"TUBO 10 UNIDADE"
886;1267;1072;"PACOTE 300 UNIDADE"
887;1268;1080;"CONJUNTO 6 UNIDADE"
888;1269;1092;"ROLO 280 UNIDADE"
889;1042;1;"1 UNIDADE"
890;1043;18;"CAIXA 5 UNIDADE"
891;1044;19;"CAIXA 4 UNIDADE"
892;1045;31;"PACOTE 10 UNIDADE"
893;1046;38;"CAIXA 100 UNIDADE"
894;1047;40;"FARDO 6 UNIDADE"
895;1048;51;"PACOTE 22 UNIDADE"
896;1049;53;"ENVELOPE 10 UNIDADE"
897;1050;54;"CAIXA 20 UNIDADE"
898;1051;61;"CAIXA 50 UNIDADE"
899;1052;64;"CAIXA 1 UNIDADE"
900;1053;65;"CAIXA 6 UNIDADE"
901;1054;66;"CAIXA 56 UNIDADE"
902;1055;67;"CAIXA 8 UNIDADE"
903;1056;68;"CAIXA 30 UNIDADE"
904;1057;69;"CAIXA 40 UNIDADE"
905;1058;70;"CAIXA 14 UNIDADE"
906;1059;71;"CAIXA 15 UNIDADE"
907;1060;72;"CAIXA 16 UNIDADE"
908;1061;73;"CAIXA 18 UNIDADE"
909;1062;74;"CAIXA 200 UNIDADE"
910;1063;75;"CAIXA 21 UNIDADE"
911;1064;83;"PACOTE 29 UNIDADE"
912;1065;86;"PACOTE 44 UNIDADE"
913;1066;94;"CAIXA 60 UNIDADE"
914;1067;95;"CAIXA 250 UNIDADE"
915;1068;96;"CAIXA 500 UNIDADE"
916;1069;99;"PACOTE 200 UNIDADE"
917;1070;100;"TUBO 12 UNIDADE"
918;1071;101;"TUBO 30 UNIDADE"
919;1072;102;"TUBO 40 UNIDADE"
920;1073;122;"FRASCO 1 UNIDADE"
921;1074;123;"FRASCO 9 UNIDADE"
922;1075;124;"FRASCO 24 UNIDADE"
923;1076;154;"CAIXA 3 UNIDADE"
924;1077;155;"CAIXA 24 UNIDADE"
925;1078;156;"CAIXA 25 UNIDADE"
926;1079;157;"CAIXA 28 UNIDADE"
927;1080;158;"CAIXA 42 UNIDADE"
928;1081;159;"CAIXA 220 UNIDADE"
929;1082;167;"CAIXA 2 UNIDADE"
930;1083;168;"CAIXA 9 UNIDADE"
931;1084;169;"CAIXA 120 UNIDADE"
932;1085;181;"CAIXA 3000 UNIDADE"
933;1086;182;"CAIXA 10 UNIDADE"
934;1087;188;"CAIXA 12 UNIDADE"
935;1088;189;"PACOTE 2 UNIDADE"
936;1089;190;"PACOTE 4 UNIDADE"
937;1090;191;"PACOTE 8 UNIDADE"
938;1091;195;"PACOTE 64 UNIDADE"
939;1092;196;"PACOTE 250 UNIDADE"
940;1093;201;"PACOTE 100 UNIDADE"
941;1094;202;"CAIXA 400 UNIDADE"
942;1095;209;"PACOTE 12 UNIDADE"
943;1096;210;"PACOTE 50 UNIDADE"
944;1097;211;"PACOTE 20 UNIDADE"
945;1098;219;"CAIXA 5000 UNIDADE"
946;1099;220;"CAIXA 72 UNIDADE"
947;1100;224;"PACOTE 15 UNIDADE"
948;1201;619;"PACOTE 25 UNIDADE"
949;1202;620;"CAIXA 64 UNIDADE"
950;1203;622;"PACOTE 35 UNIDADE"
951;1204;623;"PACOTE 45 UNIDADE"
952;1205;624;"PACOTE 70 UNIDADE"
953;1321;723;"ROLO 500 CAIXA"
954;1322;732;"PACOTE 100 CAIXA"
955;1323;1328;"BLISTER 50 CAIXA"
956;1482;1354;"QUINZENA"
957;1602;1361;"QUILOMETRO QUADRADO"
958;1823;1377;"KIT 1 KIT"
959;1845;1382;"BOLSA/FRASCO 1 LITRO"
960;1843;1378;"BOLSA/FRASCO 50 MILILITRO"
961;1844;1379;"BOLSA/FRASCO 100 MILILITRO"
962;1846;1383;"BOLSA/FRASCO 2000 MILILITRO"
963;1847;1380;"PACOTE 240 GRAMA"
964;1848;1381;"POTE 60 UNIDADE"
965;1864;1385;"EMBALAGEM 23 QUILOGRAMA"
966;1903;1388;"LATA 20 QUILOGRAMA"
967;1943;1390;"DOSE 3 MILILITRO"
968;1963;1391;"CAIXA 22 UNIDADE"
969;1983;1392;"KIT 175 TESTES"
970;2023;1394;"EMBALAGEM 30 UNIDADE"
971;2043;1395;"EMBALAGEM 10 UNIDADE"
972;2083;1397;"FRASCO 30 DOSES"
973;2063;1396;"TUBO 5 MILILITRO"
974;1863;1384;"LATA 14 QUILOGRAMA"
975;1883;1386;"FRASCO-AMPOLA 30 MILILITRO"
976;1884;1387;"CAIXA 100 PAR"
977;1923;1389;"FARDO 12 GARRAFAS 510 ML"
978;2003;1393;"FRASCO 380 MILILITRO"
979;2103;1398;"ROLO 2500 ETIQUETA"
980;1;770;"AMPOLA"
981;2;599;"1 ANO"
982;3;925;"1 BIENIO"
983;4;1317;"BANDEJA"
984;5;996;"1 CALORIA"
985;6;997;"1000 CALORIA"
986;7;1039;"CHAMADAS"
987;8;826;"1 CONJUNTO"
988;9;4;"1 CENTIMETRO"
989;10;103;"ROLO 60 CENTIMETRO"
990;11;104;"ROLO 100 CENTIMETRO"
991;12;992;"FOLHA 50 CENTIMETRO"
992;13;1218;"UN 50 CENTIMETRO"
993;14;1240;"ROLO 250 CENTIMETRO"
994;15;345;"AMPOLA 10 CENTIMETRO CUBICO"
995;16;1289;"CAIXA 48 COPO 200 ML"
996;17;36;"CENTO 1 CENTO"
997;18;796;"FRASCO 500 MICROLITROS"
998;19;957;"CAIXA 21850 UNIDADE"
999;20;1041;"CAIXA 11000 UNIDADE"
1000;21;13;"DIA"
1001;22;7;"1 DEZENA"
1002;23;921;"LATA 60 DOSES"
1003;24;1060;"FRASCO 200 DOSES"
1004;25;1061;"FRASCO 300 DOSES"
1005;26;1119;"FRASCO 100 DOSES"
1006;27;1147;"FRASCO 60 DOSES"
1007;28;1159;"FRASCO 120 DOSES"
1008;29;1177;"FRASCO 1 DOSES"
1009;30;1178;"FRASCO 10 DOSES"
1010;31;1179;"FRASCO 20 DOSES"
1011;32;1180;"FRASCO 25 DOSES"
1012;33;1181;"FRASCO 50 DOSES"
1013;1763;1374;"CAIXA 60 DOSES"
1014;34;8;"CAIXA 1 DUZIA"
1015;35;705;"CAIXA 30 DUZIA"
1016;36;1052;"1 DUZIA"
1017;37;401;"ROLO 3000 ETIQUETA"
1018;38;1197;"ROLO 1000 ETIQUETA"
1019;1582;1360;"ROLO 300 ETIQUETA"
1020;39;742;"FRASCO-AMPOLA"
1021;40;1294;"FARDO 12 GARRAFAS 500ML"
1022;41;6;"FOLHA 1 FOLHA"
1023;42;29;"BLOCO 50 FOLHA"
1024;43;30;"BLOCO 25 FOLHA"
1025;44;33;"PACOTE 500 FOLHA"
1026;45;60;"BLOCO 100 FOLHA"
1027;46;180;"CAIXA 1500 FOLHA"
1028;47;194;"PACOTE 10 FOLHA"
1029;48;215;"CAIXA 3000 FOLHA"
1030;49;218;"CAIXA 1000 FOLHA"
1031;50;233;"CAIXA 100 FOLHA"
1032;51;266;"PACOTE 125 FOLHA"
1033;52;268;"PACOTE 100 FOLHA"
1034;53;278;"PACOTE 250 FOLHA"
1035;54;280;"FARDO 1250 FOLHA"
1036;55;284;"BLOCO 150 FOLHA"
1037;56;285;"BLOCO 200 FOLHA"
1038;57;329;"ENVELOPE 12 FOLHA"
1039;58;396;"CAIXA 25 FOLHA"
1040;59;551;"PACOTE 20 FOLHA"
1041;60;556;"PACOTE 75 FOLHA"
1042;61;577;"CAIXA 3200 FOLHA"
1043;62;581;"CAIXA 60 FOLHA"
1044;63;582;"PACOTE 200 FOLHA"
1045;64;612;"CAIXA 5000 FOLHA"
1046;65;609;"PACOTE 40 FOLHA"
1047;66;610;"PACOTE 400 FOLHA"
1048;67;611;"CAIXA 125 FOLHA"
1;-1;-1;"NÃO INFORMADO"
2;-2;-2;"INVÁLIDO"
3;-3;-3;"NÃO SE APLICA"
4;-4;-4;"INEXISTENTE"
5;382;767;"LATA 30 GRAMA"
6;383;773;"ENVELOPE 140 GRAMA"
7;384;774;"ENVELOPE 200 GRAMA"
8;385;778;"POTE 900 GRAMAS"
9;386;781;"POTE 25 GRAMAS"
10;387;782;"POTE 80 GRAMA"
11;388;783;"POTE 78 GRAMA"
12;389;784;"POTE 220 GRAMA"
13;390;785;"POTE 225 GRAMA"
14;391;786;"POTE 440 GRAMAS"
15;392;789;"ENVELOPE 50 GRAMA"
16;393;804;"ROLO 50 GRAMA"
17;394;811;"POTE 200 GRAMA"
18;395;817;"LATA 340 GRAMA"
19;396;966;"CAIXA 240 GRAMA"
20;397;972;"CAIXA 150 GRAMA"
21;398;1013;"BOLSA 700 GRAMA"
22;399;1014;"BOLSA 950 GRAMA"
23;400;1030;"TUBO 310 GRAMA"
24;1422;1349;"TABLETE 75 GRAMA"
25;412;1237;"LATA 450 GRAMA DRENADO"
26;413;34;"HORA"
27;414;44;"HORA AULA"
28;415;45;"HORA HOMEM"
29;416;1335;"HORA-VOO"
30;417;203;"CAIXA 900 JOGO"
31;418;204;"CAIXA 1000 JOGO"
32;419;205;"CAIXA 1500 JOGO"
33;420;206;"CAIXA 3000 JOGO"
34;421;212;"BLOCO 33 JOGO"
35;422;213;"BLOCO 25 JOGO"
36;423;214;"BLOCO 50 JOGO"
37;424;227;"JOGO 1 JOGO"
38;425;331;"BLOCO 40 JOGO"
39;426;340;"CAIXA 700 JOGO"
40;427;420;"BLOCO 100 JOGO"
41;428;647;"CAIXA 500 JOGO"
42;429;653;"BLOCO 30 JOGO"
43;430;803;"CAIXA C/ 1 JOGO"
44;431;898;"BLOCO 10 JOGO"
45;432;939;"CAIXA 250 JOGO"
46;433;989;"BLOCO 20 JOGO"
47;434;1043;"UNIDADE 14 JOGO"
48;435;1062;"CAIXA 750 JOGO"
49;436;1148;"CAIXA 6 JOGO"
50;437;1316;"CAIXA 10 JOGO"
51;438;454;"KCAL 1000 QUILOCALORIA"
52;439;995;"1 QUILOCALORIA"
53;504;850;"LATA 2.5 QUILOGRAMA"
54;505;894;"BOMBONA 25 QUILOGRAMA"
55;506;895;"BOMBONA 50 QUILOGRAMA"
56;507;902;"LATA 2.8 QUILOGRAMA"
57;508;917;"CAIXA 10 QUILOGRAMA"
58;509;929;"LATA 5 QUILOGRAMA"
59;510;930;"FARDO 40 QUILOGRAMA"
60;511;940;"BALDE 10 QUILOGRAMA"
61;512;982;"BOBINA 14 QUILOGRAMA"
62;513;1025;"QUILOGRAMA"
63;514;1054;"CAIXA 18 QUILOGRAMA"
64;515;1057;"CAIXA 28 QUILOGRAMA"
65;516;1066;"SACO 10 QUILOGRAMA"
66;517;1068;"CAIXA 13.5 QUILOGRAMA"
67;518;1074;"LATA 11 QUILOGRAMA"
68;519;1076;"LATA 3.5 QUILOGRAMA"
69;520;1077;"ROLO 2.2 QUILOGRAMA"
70;521;1084;"SACO 22.7 QUILOGRAMA"
71;522;1090;"SACO 5 QUILOGRAMA"
72;523;1104;"EMBALAGEM 1.2 QUILOGRAMA"
73;524;1105;"EMBALAGEM 6 QUILOGRAMA"
74;525;1108;"POTE 2.27 QUILOGRAMA"
75;526;1132;"BOBINA 2.5 QUILOGRAMA"
76;527;1151;"SACO 7 QUILOGRAMA"
77;528;1153;"BALDE 4 QUILOGRAMA"
78;529;1154;"BOBINA 1 QUILOGRAMA"
79;530;1199;"PACOTE 25 QUILOGRAMA"
80;531;1200;"TAMBOR 50 QUILOGRAMA"
81;532;1201;"TAMBOR 250 QUILOGRAMA"
82;533;1202;"TAMBOR 20 QUILOGRAMA"
83;534;1203;"PACOTE 20 QUILOGRAMA"
84;535;1204;"TAMBOR 160 QUILOGRAMA"
85;536;1205;"TAMBOR 265 QUILOGRAMA"
86;537;1206;"CAIXA 15 QUILOGRAMA"
87;538;1216;"CAIXA 20 QUILOGRAMA"
88;539;1217;"BOBINA 15 QUILOGRAMA"
89;540;1226;"BALDE 18 QUILOGRAMA"
90;541;1227;"BOBINA 8 QUILOGRAMA"
91;542;1236;"LATA 4.1 QUILOGRAMA"
92;543;1245;"BALDE 3 QUILOGRAMA"
93;544;1310;"SACO 6 QUILOGRAMA"
94;545;1318;"LATA 13 QUILOGRAMA"
95;546;1339;"BALDE 2 QUILOGRAMA"
96;1684;1368;"BARRA 22 QUILOGRAMA"
97;1683;1367;"BARRA 15 QUILOGRAMA"
98;440;3;"1 QUILOGRAMA"
99;441;17;"BARRA 1 QUILOGRAMA"
100;442;39;"PACOTE 5 QUILOGRAMA"
101;443;176;"BOTIJAO 2 QUILOGRAMA"
102;444;177;"BOTIJAO 3 QUILOGRAMA"
103;445;178;"BOTIJAO 13 QUILOGRAMA"
104;446;179;"BOTIJAO 45 QUILOGRAMA"
105;447;198;"ROLO 1 QUILOGRAMA"
106;448;200;"FRASCO 1 QUILOGRAMA"
107;449;207;"BARRICA 10 QUILOGRAMA"
108;450;286;"BOBINA 13 QUILOGRAMA"
109;451;302;"PACOTE 1 QUILOGRAMA"
110;452;309;"PACOTE 2 QUILOGRAMA"
111;453;313;"FRASCO 1.2 QUILOGRAMA"
112;454;314;"LATA 2 QUILOGRAMA"
113;455;322;"LATA 2.85 QUILOGRAMA"
114;456;343;"SACO 50 QUILOGRAMA"
115;457;356;"BOTIJAO 90 QUILOGRAMA"
116;458;380;"TAMBOR 170 QUILOGRAMA"
117;459;381;"SACO 25 QUILOGRAMA"
118;460;421;"FRASCO 5 QUILOGRAMA"
119;461;451;"BARRICA 50 QUILOGRAMA"
120;462;455;"BALDE 15 QUILOGRAMA"
121;463;498;"LATA 3 QUILOGRAMA"
122;464;501;"POTE 1 QUILOGRAMA"
123;465;502;"CAIXA 1 QUILOGRAMA"
124;466;507;"LATA 1 QUILOGRAMA"
125;467;508;"BALDE 5 QUILOGRAMA"
126;468;513;"BALDE 20 QUILOGRAMA"
127;469;515;"BALDE 1 QUILOGRAMA"
128;470;536;"CAIXA 2 QUILOGRAMA"
129;471;543;"LATA 4.5 QUILOGRAMA"
130;472;570;"BARRA 5 QUILOGRAMA"
131;473;571;"SACO 20 QUILOGRAMA"
132;474;573;"SACO 18 QUILOGRAMA"
133;475;574;"SACO 23 QUILOGRAMA"
134;476;576;"SACO 40 QUILOGRAMA"
135;477;578;"LATA 4.3 QUILOGRAMA"
136;478;579;"SACO 15 QUILOGRAMA"
137;479;587;"FARDO 30 QUILOGRAMA"
138;480;588;"SACO 30 QUILOGRAMA"
139;481;589;"SACO 60 QUILOGRAMA"
140;482;593;"LATA 16.4 QUILOGRAMA"
141;483;600;"LATA 15 QUILOGRAMA"
142;484;670;"EMBALAGEM 2 QUILOGRAMA"
143;485;673;"BARRICA 20 QUILOGRAMA"
144;486;696;"BOBINA 30 QUILOGRAMA"
145;487;697;"LATA 4 QUILOGRAMA"
146;488;700;"BOBINA 35 QUILOGRAMA"
147;489;702;"POTE 3 QUILOGRAMA"
148;490;711;"BOBINA 5 QUILOGRAMA"
149;491;714;"LATA 10 QUILOGRAMA"
150;492;718;"BARRICA 5 QUILOGRAMA"
151;493;739;"ROLO 17.5 QUILOGRAMA"
152;494;745;"BOTIJAO 20 QUILOGRAMA"
153;495;763;"SACO 22.68 QUILOGRAMA"
154;496;814;"FARDO 60 QUILOGRAMA"
155;497;815;"CAIXA 1.5 QUILOGRAMA"
156;498;818;"BARRICA 25 QUILOGRAMA"
157;499;819;"BALDE 13 QUILOGRAMA"
158;500;825;"SACO 8 QUILOGRAMA"
159;501;830;"POTE 2.6 QUILOGRAMA"
160;502;835;"TAMBOR 45 QUILOGRAMA"
161;503;840;"BOBINA 10 QUILOGRAMA"
162;547;296;"1 QUILOMETRO"
163;548;1334;"QUILOMETRO-VOO"
164;549;597;"QUILOMETRO RODADO"
165;598;1008;"POTE 2 LITRO"
166;599;1023;"LATA 1.4 LITRO"
167;600;1036;"SACO 100 LITRO"
168;601;1053;"BALDE 4 LITRO"
169;602;1058;"FRASCO 3.8 LITRO"
170;603;1059;"FRASCO 13 LITRO"
171;604;1073;"SACO 25 LITRO"
172;605;1088;"BOLSA 6 LITRO"
173;606;1116;"BOMBONA 25 LITRO"
174;607;1133;"BOLSA 2 LITRO"
175;608;1136;"FRASCO 3 LITRO"
176;609;1171;"GALAO 3.7 LITRO"
177;610;1241;"GALAO 3.78 LITRO"
178;611;1286;"BOMBONA 19 LITRO"
179;612;1322;"BOLSA 2.5 LITRO"
180;613;1323;"GALAO 20 LITRO"
181;614;1326;"EMBALAGEM 6 LITRO"
182;615;1341;"LATA 2.4 LITRO"
183;616;1344;"LATA 3.2 LITRO"
184;550;5;"GALAO 3.6 LITRO"
185;551;14;"BOMBONA 20 LITRO"
186;552;16;"BALDE 5 LITRO"
187;553;23;"LATA 2 LITRO"
188;554;25;"TAMBOR 200 LITRO"
189;555;28;"FRASCO 1 LITRO"
190;556;37;"1 LITRO"
191;557;46;"GARRAFA 1 LITRO"
192;558;47;"EMBALAGEM 5 LITRO"
193;559;48;"GARRAFA 1.5 LITRO"
194;560;49;"GARRAFA 2 LITRO"
195;561;186;"GARRAFAO 10 LITRO"
196;562;225;"LATA 18 LITRO"
197;563;399;"FRASCO 1.5 LITRO"
198;564;307;"LATA 20 LITRO"
199;565;311;"FRASCO 4 LITRO"
200;566;361;"GARRAFA 5 LITRO"
201;567;385;"FRASCO 5 LITRO"
202;568;394;"LATA 10 LITRO"
203;569;406;"GARRAFAO 20 LITRO"
204;570;422;"BALDE 20 LITRO"
205;571;432;"LATA 4 LITRO"
206;572;447;"BOMBONA 38 LITRO"
207;573;448;"BOMBONA 76 LITRO"
208;574;450;"BOMBONA 13.5 LITRO"
209;575;512;"FRASCO 3.5 LITRO"
210;576;544;"BALDE 58 LITRO"
211;577;554;"BALDE 18 LITRO"
212;578;558;"BOMBONA 50 LITRO"
213;579;559;"BOMBONA 100 LITRO"
214;580;564;"BOMBONA 10 LITRO"
215;581;572;"LATA 9 LITRO"
216;582;580;"FRASCO 2 LITRO"
217;583;602;"LATA 6 LITRO"
218;584;646;"CAIXA 1 LITRO"
219;585;660;"BOLSA 1 LITRO"
220;586;709;"BOMBONA 52 LITRO"
221;587;743;"LATA 5 LITRO"
222;588;771;"BOMBONA 5 LITRO"
223;589;776;"FRASCO 2.5 LITRO"
224;590;802;"BALDE 50 LITRO"
225;591;839;"BOMBONA 13 LITRO"
226;592;906;"GALAO 100 LITRO"
227;593;931;"LATA 16 LITRO"
228;594;934;"FRASCO 18 LITRO"
229;595;938;"GALAO 5 LITRO"
230;596;981;"GALAO 2.5 LITRO"
231;597;1007;"POTE 1 LITRO"
232;617;707;"LITROS 100 L"
233;618;730;"LITRO 1000 L"
234;619;842;"GALAO 3.8 LT"
235;620;217;"CAIXA 18 LATA"
236;621;792;"LOTE"
237;622;2;"1 METRO"
238;623;22;"TUBO 5 METRO"
239;624;35;"BOBINA 50 METRO"
240;625;42;"ROLO 10 METRO"
241;626;43;"ROLO 50 METRO"
242;627;208;"ROLO 30 METRO"
243;628;222;"ROLO 90 METRO"
244;629;248;"ROLO 20 METRO"
245;630;250;"ROLO 100 METRO"
246;631;252;"ROLO 33 METRO"
247;632;253;"ROLO 65 METRO"
248;633;254;"ROLO 40 METRO"
249;634;255;"ROLO 9.5 METRO"
250;635;279;"ROLO 600 METRO"
251;636;299;"ROLO 91.44 METRO"
252;637;301;"ROLO 3 METRO"
253;638;304;"ROLO 25 METRO"
254;639;316;"ROLO 60 METRO"
255;640;333;"ROLO 174 METRO"
256;641;338;"ROLO 170 METRO"
257;642;354;"ROLO 156 METRO"
258;643;355;"BARRA 3 METRO"
259;644;359;"BOBINA 250 METRO"
260;645;403;"ROLO 5 METRO"
261;646;405;"ROLO 200 METRO"
262;647;408;"ROLO 152 METRO"
263;648;418;"CAIXA 300 METRO"
264;649;526;"BOBINA 100 METRO"
265;650;568;"ROLO 120 METRO"
266;651;585;"ROLO 400 METRO"
267;652;596;"ROLO 250 METRO"
268;653;601;"BOBINA 150 METRO"
269;654;607;"ROLO 184 METRO"
270;655;608;"ROLO 300 METRO"
271;656;649;"ROLO 800 METRO"
272;657;650;"ROLO 125 METRO"
273;658;654;"ROLO 70 METRO"
274;659;637;"BOBINA 105 METRO"
275;660;721;"ROLO 4.5 METRO"
276;661;726;"ROLO 500 METRO"
277;662;735;"ROLO 15 METRO"
278;663;736;"ROLO 1500 METRO"
279;664;764;"BARRA 6 METRO"
280;665;805;"ROLO 8 METRO"
281;666;828;"ROLO 135 METRO"
282;667;829;"ROLO 1000 METRO"
283;668;847;"PECA 1 METRO"
284;669;918;"BOBINA 30 METRO"
285;670;919;"BOBINA 75 METRO"
286;671;958;"PECA 8 METRO"
287;672;959;"PECA 9 METRO"
288;673;967;"BOBINA 70 METRO"
289;674;968;"BOBINA 90 METRO"
290;675;969;"BOBINA 240 METRO"
291;676;971;"BOBINA 350 METRO"
292;677;984;"CABO .9 METRO"
293;678;993;"ROLO 15.24 METRO"
294;679;1011;"ROLO 105 METRO"
295;680;1012;"BOBINA 5000 METRO"
296;681;1037;"ROLO 7.5 METRO"
297;682;1063;"BOBINA 60 METRO"
298;683;1135;"ROLO 6 METRO"
299;684;1149;"ROLO 350 METRO"
300;685;1152;"ROLO 2000 METRO"
301;686;1170;"ROLO 16.5 METRO"
302;687;1172;"ROLO 1200 METRO"
303;688;1183;"BOBINA 500 METRO"
304;689;1195;"BOBINA 15 METRO"
305;690;1214;"BOBINA 300 METRO"
306;691;1225;"TUBO 6 METRO"
307;692;1239;"BOBINA 305 METRO"
308;693;1253;"ROLO 1800 METRO"
309;694;1261;"BOBINA 1000 METRO"
310;695;1296;"CABO 5 METROS"
311;696;1325;"TUBO 3 METRO"
312;697;1348;"ROLO 220 METRO"
313;698;267;"PACOTE 10 MACO"
314;703;1274;"FRASCO 500 MICROGRAMAS"
315;702;1046;"FRASCO 1000 MICROGRAMAS"
316;701;922;"FRASCO 100 MICROGRAMAS"
317;705;1309;"FRASCO 200 MICROGRAMAS"
318;700;722;"FRASCO 50 MICROGRAMAS"
319;704;1292;"FRASCO 40 MICROGRAMAS"
320;699;50;"FRASCO 250 MICROGRAMAS"
321;706;1047;"FRASCO 1000 MICROLITRO"
322;707;342;"1 MES"
323;708;1338;"18 MES"
324;714;472;"FRASCO 20 MILIGRAMA"
325;715;475;"FRASCO 125 MILIGRAMA"
326;716;476;"FRASCO 250 MILIGRAMA"
327;717;483;"AMPOLA 100 MILIGRAMA"
328;718;484;"AMPOLA 20 MILIGRAMA"
329;719;485;"AMPOLA 80 MILIGRAMA"
330;720;491;"FRASCO 5 MILIGRAMA"
331;721;492;"FRASCO 200 MILIGRAMA"
332;722;496;"AMPOLA 500 MILIGRAMA"
333;723;514;"BALDE 500 MILIGRAMA"
334;724;518;"FRASCO 50 MILIGRAMA"
335;725;562;"FRASCO 1 MILIGRAMA"
336;726;605;"AMPOLA 50 MILIGRAMA"
337;727;606;"AMPOLA 70 MILIGRAMA"
338;728;651;"FRASCO 25 MILIGRAMA"
339;729;652;"FRASCO 75 MILIGRAMA"
340;730;643;"FRASCO 350 MILIGRAMA"
341;731;661;"FRASCO-AMPOLA 100 MILIGRAMA"
342;732;662;"FRASCO-AMPOLA 200 MILIGRAMA"
343;733;664;"FRASCO-AMPOLA 10 MILIGRAMA"
344;734;665;"FRASCO-AMPOLA 20 MILIGRAMA"
345;735;666;"FRASCO-AMPOLA 50 MILIGRAMA"
346;736;667;"FRASCO-AMPOLA 500 MILIGRAMA"
347;737;668;"FRASCO-AMPOLA 15 MILIGRAMA"
348;738;669;"FRASCO-AMPOLA 5 MILIGRAMA"
349;739;672;"FRASCO-AMPOLA 250 MILIGRAMA"
350;740;675;"AMPOLA 10 MILIGRAMA"
351;741;676;"AMPOLA 40 MILIGRAMA"
352;742;677;"AMPOLA 60 MILIGRAMA"
353;743;678;"FRASCO-AMPOLA 4.5 MILIGRAMA"
354;744;680;"FRASCO-AMPOLA 4 MILIGRAMA"
355;745;681;"FRASCO-AMPOLA 125 MILIGRAMA"
356;746;686;"AMPOLA 250 MILIGRAMA"
357;747;737;"FRASCO 2 MILIGRAMA"
358;748;809;"AMPOLA 1 MILIGRAMA"
359;713;471;"FRASCO 400 MILIGRAMA"
360;712;439;"FRASCO 300 MILIGRAMA"
361;711;434;"FRASCO 60 MILIGRAMA"
362;710;433;"FRASCO 100 MILIGRAMA"
363;709;256;"FRASCO 500 MILIGRAMA"
364;754;1275;"FRASCO 40 MILIGRAMA"
365;753;1219;"FRASCO 750 MILIGRAMA"
366;752;1187;"FRASCO 150 MILIGRAMA"
367;751;1173;"FRASCO 15 MILIGRAMA"
368;750;1032;"MILIGRAMA"
369;1522;1356;"FRASCO 1500 MILIGRAMA"
370;749;964;"FRASCO 10 MILIGRAMA"
371;755;32;"1 MILHEIRO"
372;756;1208;"TUBO 12 MINA"
373;1442;1351;"BOLSA/FRASCO 500 MILILITRO"
374;1443;1352;"BOLSA/FRASCO 250 MILILITRO"
375;1622;1362;"REFIL 800 MILILITRO"
376;1643;1364;"FRASCO 505 MILILITRO"
377;1663;1365;"POTE 30 MILILITRO"
378;1664;1366;"TUBO 20 MILILITRO"
379;1723;1370;"REFIL 12 MILILITRO"
380;913;1078;"SERINGA 1 MILILITRO"
381;914;1079;"SERINGA 3 MILILITRO"
382;915;1081;"SERINGA 10 MILILITRO"
383;916;1082;"PALLETS .25 MILILITRO"
384;917;1083;"PALLETS .5 MILILITRO"
385;918;1089;"FRASCO-AMPOLA .5 MILILITRO"
386;919;1093;"PLACA 20 MILILITRO"
387;920;1097;"TUBO 300 MILILITRO"
388;921;1099;"FRASCO 8.3 MILILITRO"
389;922;1100;"FRASCO 5.5 MILILITRO"
390;923;1101;"FRASCO 6.5 MILILITRO"
391;924;1129;"FRASCO-AMPOLA 20 MILILITRO"
392;925;1137;"AMPOLA MILILITRO"
393;926;1139;"FRASCO-AMPOLA 15 MILILITRO"
394;927;1140;"FRASCO-AMPOLA 50 MILILITRO"
395;928;1141;"FRASCO-AMPOLA 1 MILILITRO"
396;929;1146;"SERINGA 2 MILILITRO"
397;930;1150;"CAIXA 200 MILILITRO"
398;931;1157;"FRASCO 236 MILILITRO"
399;932;1182;"DOSE 2 MILILITRO"
400;933;1191;"FRASCO 470 MILILITRO"
401;934;1196;"FRASCO 334 MILILITRO"
402;935;1209;"POTE 300 MILILITRO"
403;936;1220;"SERINGA .5 MILILITRO"
404;937;1221;"SERINGA .75 MILILITRO"
405;938;1247;"FRASCO 8.5 MILILITRO"
406;939;1252;"FRASCO 48 MILILITRO"
407;940;1255;"GARRAFA 600 MILILITRO"
408;941;1256;"BISNAGA 50 MILILITRO"
409;942;1266;"FRASCO-AMPOLA 3 MILILITRO"
410;943;1268;"FRASCO 160 MILILITRO"
411;944;1280;"BOLSA 3000 MILILITRO"
412;945;1288;"FRASCO-AMPOLA 8 MILILITRO"
413;946;1295;"POTE 600 MILILITRO"
414;947;1303;"LATA 450 MILILITRO"
415;948;1305;"SERINGA 2.5 MILILITRO"
416;949;1311;"POTE 3.5 MILILITRO"
417;950;1327;"REFIL 3 MILILITRO"
418;951;1330;"FRASCO 225 MILILITRO"
419;952;1336;"BOLSA 225 MILILITRO"
1269;297;1065;"PACOTE 95 GRAMA"
1270;298;1071;"LATA 100 GRAMA"
1271;299;1075;"LATA 440 GRAMA"
1272;300;1085;"PACOTE 140 GRAMA"
1273;101;82;"BISNAGA 50 GRAMA"
1274;102;84;"BISNAGA 80 GRAMA"
1275;103;85;"BISNAGA 100 GRAMA"
1276;104;98;"LATA 450 GRAMA"
1277;105;105;"POTE 30 GRAMA"
1278;106;106;"POTE 50 GRAMA"
1279;107;107;"POTE 300 GRAMA"
1280;108;133;"FRASCO 1 GRAMA"
1281;109;134;"FRASCO 3 GRAMA"
1282;110;135;"FRASCO 6 GRAMA"
1283;111;136;"FRASCO 10 GRAMA"
1284;112;137;"FRASCO 15 GRAMA"
1285;113;138;"FRASCO 20 GRAMA"
1286;114;139;"FRASCO 30 GRAMA"
1287;115;140;"FRASCO 34 GRAMA"
1288;116;145;"BISNAGA 40 GRAMA"
1289;117;146;"BISNAGA 60 GRAMA"
1290;118;147;"BISNAGA 45 GRAMA"
1291;91;20;"PACOTE 50 GRAMA"
1292;92;21;"GRAMA"
1293;93;26;"FRASCO 40 GRAMA"
1294;94;56;"BARRA 500 GRAMA"
1295;95;76;"BISNAGA 3 GRAMA"
1296;96;77;"BISNAGA 5 GRAMA"
1297;97;78;"BISNAGA 10 GRAMA"
1298;98;79;"BISNAGA 15 GRAMA"
1299;99;80;"BISNAGA 20 GRAMA"
1300;100;81;"BISNAGA 30 GRAMA"
1301;201;487;"FRASCO 100 GRAMA"
1302;202;488;"POTE 260 GRAMA"
1303;203;489;"ENVELOPE 27.9 GRAMA"
1304;204;494;"ENVELOPE 90 GRAMA"
1305;205;497;"AMPOLA 1 GRAMA"
1306;206;499;"POTE 250 GRAMA"
1307;207;500;"POTE 500 GRAMA"
1308;208;505;"LATA 250 GRAMA"
1309;209;509;"FRASCO 2 GRAMA"
1310;210;510;"FRASCO 114 GRAMA"
1311;211;511;"FRASCO 454 GRAMA"
1312;212;516;"TABLETE 100 GRAMA"
1313;213;519;"POTE 37 GRAMA"
1314;214;530;"ENVELOPE 1 GRAMA"
1315;215;531;"ENVELOPE 10 GRAMA"
1316;216;532;"ENVELOPE 30 GRAMA"
1317;217;537;"CAIXA 900 GRAMA"
1318;218;541;"POTE 130 GRAMA"
1319;219;545;"POTE 12 GRAMA"
1320;220;547;"FRASCO 5 GRAMA"
1321;221;548;"FRASCO 25 GRAMA"
1322;222;560;"LATA 454 GRAMA"
1323;223;563;"FRASCO 14 GRAMA"
1324;224;565;"POTE 240 GRAMA"
1325;225;566;"POTE 847 GRAMA"
1326;226;567;"POTE 120 GRAMA"
1327;227;569;"TUBO 330 GRAMA"
1328;228;575;"LATA 350 GRAMA"
1329;229;586;"POTE 100 GRAMA"
1330;230;590;"PACOTE 200 GRAMA"
1331;231;592;"LATA 800 GRAMA"
1332;232;595;"TUBO 300 GRAMA"
1333;233;645;"CAIXA 400 GRAMA"
1334;234;663;"FRASCO-AMPOLA 1 GRAMA"
1335;235;674;"FRASCO 23 GRAMA"
1336;236;679;"ENVELOPE 4 GRAMA"
1337;237;682;"POTE 10 GRAMA"
1338;238;690;"BISNAGA 120 GRAMA"
1339;239;694;"FRASCO 2.5 GRAMA"
1340;240;695;"FRASCO 144 GRAMA"
1341;241;698;"ENVELOPE 20 GRAMA"
1342;242;699;"TABLETE 500 GRAMA"
1343;243;715;"CAIXA 15 GRAMA"
1344;244;727;"PACOTE 400 GRAMA"
1345;245;728;"PACOTE 160 GRAMA"
1346;246;729;"PACOTE 180 GRAMA"
1347;247;733;"LATA 140 GRAMA"
1348;248;734;"LATA 168 GRAMA"
1349;249;744;"TABLETE 90 GRAMA"
1350;250;777;"BISNAGA 22.5 GRAMA"
1351;251;790;"ENVELOPE 5 GRAMA"
1352;252;791;"ENVELOPE 15 GRAMA"
1353;253;797;"PACOTE 1000 GRAMA"
1354;254;798;"PACOTE 45 GRAMA"
1355;370;1290;"FARDO 12 24 GARRAFAS 500 ML"
1356;401;1156;"PACOTE 280 GRAMA"
1357;402;1242;"TUBO 390 GRAMA"
1358;403;1254;"EMBALAGEM 453 GRAMA"
1359;404;1277;"BARRA 80 GRAMAS"
1360;405;1282;"POTE 180 GRAMA"
1361;406;1298;"CARTUCHO 150 GRAMA"
1362;407;1299;"CARTUCHO 90 GRAMA"
1363;408;1300;"CARTUCHO 115 GRAMA"
1364;409;1301;"CARTUCHO 45 GRAMA"
1365;410;1346;"PACOTE 125 GRAMA"
1366;411;1347;"FRASCO 140 GRAMA"
1367;371;648;"LATA 370 GRAMA"
1368;372;613;"TUBO 330 GRAMAS"
1369;373;614;"TUBO 400 GRAMA"
1370;374;701;"CAIXA 225 GRAMA"
1371;375;704;"LATA 395 GRAMA"
1372;376;706;"POTE 454 GRAMA"
1373;377;712;"CAIXA 120 GRAMA"
1374;378;716;"LATA 130 GRAMA"
1375;379;740;"TUBO 200 GRAMAS"
1376;380;761;"ENVELOPE 40 GRAMA"
1377;381;762;"ENVELOPE 100 GRAMA"
1378;2123;1399;"BISNAGA 4 MILILITRO"
1379;2143;1400;"GARRAFA 200 MILILITRO"
1380;2144;1401;"FRASCO 400 MICROLITROS"
1381;2163;1402;"CARTUCHO 57 GRAMA"
1382;2204;1405;"LATA 310 MILILITRO"
1383;2223;1406;"SACHE .25 GRAMA"
1384;2243;1407;"EMBALAGEM 40 GRAMA"
1385;2263;1409;"PACOTE 3000 UNIDADE"
1386;2423;1419;"ENVELOPE 60 GRAMA"
1387;2443;1420;"EMBALAGEM 145 GRAMA"
1388;2463;1421;"TUBO 6 MILILITRO"
1389;2464;1422;"TUBO 8 MILILITRO"
1390;2503;1424;"EMBALAGEM 60 UNIDADE"
1391;2523;1425;"AMPOLA 100 MILILITRO"
1392;2625;1432;"FRASCO 80 GRAMA"
1393;2643;1433;"EMBALAGEM 100 GRAMA"
1394;2644;1434;"EMBALAGEM 400 GRAMA"
1395;2645;1435;"EMBALAGEM 3.5 QUILOGRAMA"
1396;2684;1441;"BARRA"
1397;2683;1440;"MANTA"
1398;2744;1446;"BALDE 3.6 QUILOGRAMA"
1399;2764;1447;"FRASCO 120 MILIGRAMA"
1400;2765;1448;"FRASCO 120 GRAMA"
1401;2766;1449;"FRASCO 340 GRAMA"
1402;2767;1450;"FRASCO 130 GRAMA"
1403;2745;1451;"EMBALAGEM 163 GRAMAS"
1404;2746;1452;"FRASCO 180 GRAMA"
1405;2768;1453;"EMBALAGEM 1000 UNIDADE"
1406;2784;1454;"EMBALAGEM 120 UNIDADE"
1407;2804;1455;"EMBALAGEM 340 GRAMAS"
1408;2805;1456;"EMBALAGEM 850 GRAMAS"
1409;2806;1457;"TABLETE 17 GRAMAS"
1410;2807;1458;"EMBALAGEM 85 GRAMAS"
1411;2808;1459;"EMBALAGEM 160 GRAMAS"
1412;2824;1460;"EMBALAGEM 30 GRAMAS"
1413;2825;1461;"EMBALAGEM 63 GRAMAS"
1414;2844;1467;"EMBALAGEM 290 GRAMAS"
1415;2845;1468;"EMBALAGEM 75 GRAMAS"
1416;2809;1462;"EMBALAGEM 200 GRAMAS"
1417;2810;1463;"EMBALAGEM 66 GRAMAS"
1418;2811;1464;"EMBALAGEM 247 MILILITRO"
1419;2812;1465;"EMBALAGEM 550 GRAMAS"
1420;2813;1466;"EMBALAGEM 500 GRAMAS"
1421;2884;1477;"BISNAGA 85 GRAMA"
1422;2904;1478;"EMBALAGEM 10 MILIGRAMA"
1423;2924;1479;"FRASCO 230 MILILITRO"
1424;2964;1481;"FRASCO 1850 UNIDADE"
1425;3024;1486;"PACOTE 4 ROLO 60 METROS"
1426;3064;1488;"FARDO 8 ROLO 300 METROS"
1427;3084;1489;"PACOTE 9 UNIDADE"
1428;3124;1491;"FRASCO 3.5 MILILITRO"
1429;3164;1494;"LATA 225 GRAMA"
1430;3184;1495;"SACHE 2 GRAMA"
1431;3204;1496;"SACHE 10 GRAMA"
1432;3224;1497;"CAIXA 560 UNIDADE"
1433;3324;1502;"BISNAGA 14 GRAMA"
1434;3404;1507;"FRASCO 946 MILILITRO"
1435;3405;1508;"FRASCO 2.99 QUILOGRAMA"
1436;3406;1509;"FRASCO 3.7 QUILOGRAMA"
1437;3424;1510;"PACOTE 335 GRAMA"
1438;3425;1511;"CAIXA 60 GRAMA"
1439;3426;1512;"LATA 150 GRAMA"
1440;3464;1514;"BOMBONA 2 LITRO"
1441;3465;1515;"PACOTE 145 GRAMA"
1442;3484;1516;"SACHE 472 GRAMA"
1443;3485;1517;"SACHE 475 GRAMA"
1444;3486;1518;"SACHE 500 GRAMA"
1445;3504;1519;"PACOTE 4 ROLO 30 METROS"
1446;3524;1520;"FRASCO 177 MILILITRO"
1447;3544;1521;"PACOTE 350 GRAMA"
1448;3564;1522;"BLISTER 46 UNIDADE"
1449;3565;1523;"BLISTER 60 UNIDADE"
1450;3584;1524;"BLISTER 28 UNIDADE"
1451;3604;1525;"BISNAGA 28 GRAMA"
1452;3644;1527;"CAIXA 336 UNIDADE"
1453;3664;1528;"PACOTE 2.5 QUILOGRAMA"
1454;3684;1529;"CAIXA 102 UNIDADE"
1455;3704;1530;"FRASCO 25 MICROGRAMAS"
1456;3764;1533;"FRASCO 175 GRAMA"
1457;3824;1538;"ROLO 1.5 METRO"
1458;3844;1539;"TABLETE 28 GRAMA"
1459;3864;1540;"PACOTE 700 GRAMAS"
1460;3884;1541;"EMBALAGEM 22 GRAMAS"
1461;3885;1542;"EMBALAGEM 28 GRAMAS"
1462;3944;1546;"FRASCO-AMPOLA 500 MILILITRO"
1463;3965;1549;"TUBO 10 MILILITRO"
1464;4025;1552;"FRASCO 480 MILILITRO"
1465;4085;1555;"CAIXA 68 UNIDADE"
1466;4105;1556;"BISNAGA 55 GRAMA"
1467;4125;1557;"FRASCO-AMPOLA 100 MILILITRO"
1468;4165;1560;"LIBRA"
1469;4185;1561;"CAIXA 52 UNIDADE"
1470;4225;1563;"EMBALAGEM 100 MILILITRO"
1471;4245;1564;"TUBO 380 MILILITRO"
1472;4285;1566;"EMBALAGEM 250 MILILITRO"
1473;4286;1567;"EMBALAGEM 50 GRAMA"
1474;4265;1565;"EMBALAGEM 250 GRAMA"
1475;4287;1568;"EMBALAGEM 15 QUILOGRAMA"
1476;4305;1569;"BALDE 10.8 QUILOGRAMA"
1477;4365;1572;"MEIA DIARIA"
1478;4366;1573;"PERNOITE"
1479;4385;1574;"DIARIA"
1480;4405;1575;"AMPOLA 16 MILILITRO"
1481;4445;1578;"EMBALAGEM 520 GRAMA"
1482;4505;1582;"FRASCO 397 GRAMA"
1483;4506;1583;"LATA 290 GRAMA"
1484;4507;1584;"EMBALAGEM 1500 GRAMA"
1485;4508;1585;"EMBALAGEM 1250 GRAMA"
1486;4525;1586;"FRASCO .2 MILIGRAMA"
1487;4605;1590;"PACOTE 960 UNIDADE"
1488;4625;1591;"FRASCO 255 GRAMA"
1489;4645;1592;"FRASCO 4000 UNIDADE"
1490;4665;1593;"KIT 25 UNIDADE"
1491;4685;1594;"KIT 24 TESTES"
1492;4725;1603;"FRASCO 280 MILILITRO"
1493;4785;1606;"COPO 50 MILILITRO"
1494;4805;1607;"FRASCO 30 MILIGRAMA"
1495;4885;1613;"SACHE 15 GRAMA"
1496;4905;1614;"BARRA 20 GRAMAS"
1497;5005;1620;"GARRAFA 375 MILILITRO"
1498;4985;1618;"KIT 100 UNIDADE"
1499;4986;1619;"KIT 110 TESTES"
1500;5085;1624;"TUBO 260 GRAMA"
1501;5145;1627;"EMBALAGEM 300 MILILITRO"
1502;5285;1635;"POTE 1000 GRAMAS"
1503;5325;1638;"FARDO 12 GARRAFAS 300 ML"
1504;5385;1641;"CONE 2 QUILOGRAMA"
1505;5405;1642;"SERINGA 24 GRAMA"
1506;5625;1656;"FRASCO 160 MILIGRAMA"
1507;5665;1658;"BANDEJA 400 GRAMA"
1508;5685;1659;"EMBALAGEM 1 UNIDADE"
1509;5725;1661;"ROLO 88 UNIDADE"
1510;5726;1662;"CAIXA 305 METRO"
1511;5745;1663;"METRO QUADRADO"
1512;5845;1671;"KIT 2000 UNIDADE"
1513;5865;1672;"EMBALAGEM 500 UNIDADE"
1514;5885;1673;"EMBALAGEM 50 MILILITRO"
1515;5905;1674;"FRASCO-AMPOLA 160 MILIGRAMA"
1516;5925;1675;"EMBALAGEM 10 LITRO"
1517;5965;1678;"FARDO 6 GARRAFA 1,5 LITROS"
1518;5985;1679;"BOBINA 640 METRO"
1519;6005;1680;"CARTUCHO 750 MILILITRO"
1520;6025;1681;"CAIXA 24 GRAMA"
1521;6045;1682;"POTE 180 MILILITRO"
1522;2183;1403;"POTE 5 GRAMA"
1523;2203;1404;"FRASCO 960 MILILITRO"
1524;2244;1408;"PACOTE 26 UNIDADE"
1525;2283;1410;"ENVELOPE 1.5 GRAMA"
1526;2303;1411;"BOMBONA 5 QUILOGRAMA"
1527;2323;1412;"LATA 25 QUILOGRAMA"
1528;2343;1413;"CAIXA 10000 FOLHA"
1529;2363;1414;"LATA 325 GRAMA"
1530;2383;1415;"LATA 940 MILILITRO"
1531;2403;1416;"EMBALAGEM 950 GRAMA"
1532;2404;1417;"EMBALAGEM 2.5 QUILOGRAMA"
1533;2405;1418;"EMBALAGEM 20 LITRO"
1534;2483;1423;"COPO 190 GRAMA"
1535;2543;1426;"CAIXA 10 FOLHA"
1536;2563;1427;"SERINGA 2 GRAMA"
1537;2583;1428;"MICROGRAMAS"
1538;2603;1429;"EMBALAGEM 850 MILILITRO"
1539;2624;1431;"FRASCO 160 GRAMA"
1540;2623;1430;"MICROLITROS"
1541;2665;1438;"PACOTE 1 UNIDADE 200GR"
1542;2664;1437;"UNIDADE 200GR"
1543;2663;1436;"PACOTE 1 UN"
1544;2666;1439;"PACOTES"
1545;2703;1442;"MANTA 400 GRAMA"
1546;2704;1443;"MOLHO"
1547;2723;1444;"EMBALAGEM 140 GRAMA"
1548;2724;1445;"EMBALAGEM 3 QUILOGRAMA"
1549;2846;1469;"EMBALAGEM 720 MILILITRO"
1550;2847;1470;"EMBALAGEM 750 MILILITRO"
1551;2817;1474;"EMBALAGEM 320 GRAMAS"
1552;2818;1475;"EMBALAGEM 130 GRAMAS"
1553;2814;1471;"EMBALAGEM 170 GRAMAS"
1554;2815;1472;"EMBALAGEM 120 GRAMAS"
1555;2816;1473;"EMBALAGEM 60 GRAMAS"
1556;2864;1476;"EMBALAGEM 1 CAIXA"
1557;2944;1480;"DOSE"
1558;2984;1482;"ROLO 200 UNIDADE"
1559;3004;1483;"EMBALAGEM 1 LITRO"
1560;3005;1484;"EMBALAGEM 500 MILILITRO"
1561;3006;1485;"EMBALAGEM 1000 FOLHA"
1562;3044;1487;"SACHE 14 GRAMA"
1563;3104;1490;"EMBALAGEM 2 UNIDADE"
1564;3144;1492;"EMBALAGEM 5 QUILOGRAMA"
1565;3145;1493;"FRASCO-AMPOLA 2 MILILITRO"
1566;3244;1498;"BASTAO 5 GRAMA"
1567;3264;1499;"CILINDRO 1 QUILOGRAMA"
1568;3284;1500;"SACO 50 LITRO"
1569;3304;1501;"BOBINA 1 UNIDADE"
1570;3364;1504;"CABO 10 METRO"
1571;3365;1505;"CABO 4 METRO"
1572;3344;1503;"EMBALAGEM 150 MICROGRAMAS"
1573;3384;1506;"PACOTE 70 GRAMA"
1574;3444;1513;"CAIXA 1050 UNIDADE"
1575;3624;1526;"CAIXA 420 UNIDADE"
1576;3744;1532;"PACOTE 38 GRAMAS"
1577;3724;1531;"PACOTE 36 GRAMAS"
1578;3804;1536;"BOBINA 10 UNIDADE"
1579;3805;1537;"METRO CUBICO"
1580;3784;1534;"ROLO 10 UNIDADE"
1581;3785;1535;"ROLO 30 UNIDADE"
1582;3905;1545;"EMBALAGEM 396 GRAMA"
1583;3904;1543;"KIT 200 CAIXA"
1584;3924;1544;"FRASCO 99 GRAMA"
1585;3945;1547;"MARMITEX 450 GRAMA"
1586;3946;1548;"MARMITEX 900 GRAMA"
1587;3985;1550;"FRASCO 135 GRAMA"
1588;4005;1551;"FRASCO 1000 GRAMA"
1589;4045;1553;"BISNAGA 135 GRAMA"
1590;4065;1554;"PACOTE 11 UNIDADE"
1591;4145;1558;"GARRAFA 1500 MILILITRO"
1592;4205;1562;"FRASCO-AMPOLA 200 MILILITRO"
1593;4325;1570;"PACOTE 330 GRAMA"
1594;4345;1571;"CAIXA 81 UNIDADE"
1595;4425;1576;"EMBALAGEM 200 MILILITRO"
1596;4426;1577;"EMBALAGEM 395 GRAMA"
1597;4465;1579;"FRASCO VIDRO 500 MILILITRO"
1598;4485;1580;"SACHE 6 GRAMA"
1599;4486;1581;"EMBALAGEM 82 GRAMA"
1600;4545;1587;"CAIXA 114 UNIDADE"
1601;4585;1589;"FRASCO .4 MILILITRO"
1602;4565;1588;"CAIXA 98 UNIDADE"
1603;4705;1595;"CABO 30 METROS"
1604;4706;1596;"ROLO 30 METROS"
1605;4707;1597;"CABO 2 METROS"
1606;4708;1598;"CABO 6 METROS"
1607;4709;1599;"CABO 9 METROS"
1608;4710;1600;"CABO 15 METROS"
1609;4711;1601;"CABO 7 METROS"
1610;4712;1602;"CABO 14 METROS"
1611;4745;1604;"PACOTE 50 FOLHA"
1612;4765;1605;"FRASCO .5 MILIGRAMA"
1613;4825;1608;"FRASCO 5 DOSES"
1614;4845;1609;"CARTUCHO 100 FOLHA"
1615;4846;1610;"CARTUCHO 125 FOLHA"
1616;4847;1611;"CARTUCHO 150 FOLHA"
1617;4865;1612;"CAIXA 720 GRAMA"
1618;4925;1615;"GALAO 18.9 LITRO"
1619;4945;1616;"EMBALAGEM 20 GRAMAS"
1620;4965;1617;"CAIXA 8400 FOLHA"
1621;5025;1621;"SACHE 15 MILILITRO"
1622;5045;1559;"BLISTER 8 UNIDADE"
1623;5065;1622;"EMBALAGEM 350 GRAMA"
1624;5066;1623;"EMBALAGEM 700 GRAMA"
1625;5105;1625;"BOBINA 20 METRO"
1626;5125;1626;"EMBALAGEM 1 QUILOGRAMA"
1627;5165;1628;"FRASCO-AMPOLA 1.2 MILILITRO"
1628;5185;1629;"EMBALAGEM 410 GRAMA"
1629;5205;1630;"FRASCO 260 GRAMA"
1630;5225;1631;"FRASCO .6 MILIGRAMA"
1631;5245;1632;"BOBINA 1000 UNIDADE"
1632;5246;1633;"BOBINA 1200 UNIDADE"
1633;5265;1634;"FRASCO 2.5 QUILOGRAMA"
1634;5306;1637;"GALAO 2.8 QUILOGRAMA"
1635;5305;1636;"AMPOLA .15 MILILITRO"
1636;5345;1639;"BALDE 12 QUILOGRAMA"
1637;5365;1640;"FRASCO 17 MILILITRO"
1638;5425;1643;"CAIXA 384 UNIDADE"
1639;5445;1644;"BISNAGA 440 GRAMA"
1640;5465;1645;"EMBALAGEM 175 GRAMA"
1641;5466;1646;"EMBALAGEM 300 GRAMAS"
1642;5467;1647;"EMBALAGEM 175 GRAMAS"
1643;5485;1648;"TUBO 3 MILILITRO"
1644;5525;1650;"AMPOLA 1.2 MILILITRO"
1645;5505;1649;"CAIXA 204 UNIDADE"
1646;5545;1651;"PECA 30 METROS"
1647;5546;1652;"PECA 20 METROS"
1648;5565;1653;"FRASCO 150 MICROLITROS"
1649;5585;1654;"KIT 20 UNIDADE"
1650;5605;1655;"FRASCO 320 GRAMA"
1651;5645;1657;"BOLSA 180 MILILITRO"
1652;5705;1660;"EMBALAGEM 125 UNIDADE"
1653;5765;1664;"CAIXA 250 GRAMA"
1654;5785;1665;"ROLO 1500 CAIXA"
1655;5786;1666;"ROLO 1500 UNIDADE"
1656;5805;1667;"CAIXA 46 UNIDADE"
1657;5825;1668;"LATA 500 GRAMA DRENADO"
1658;5826;1669;"EMBALAGEM 800 GRAMA"
1659;5827;1670;"FRASCO 380 GRAMA"
1660;5945;1676;"CAIXA 5 DOSE"
1661;5946;1677;"CAIXA 10 DOSE"
1662;6065;1683;"PACOTE 125 UNIDADE"
1663;6085;1684;"CAIXA 495 UNIDADE"
1664;6105;1685;"EMBALAGEM 180 UNIDADE"
1665;6125;1686;"SERINGA"
1666;6145;1687;"CABO 20 METRO"
1667;6165;1688;"TABLETE 5 GRAMA"
1668;6185;1689;"SERINGA 6 MILILITRO"
1669;6205;1690;"BLISTER 7 UNIDADE"
1670;6225;1691;"ROLO 1000 UNIDADE"
1671;6245;1692;"FRASCO 230 GRAMA"
1672;6265;1693;"CAIXA 10 AMPOLA 10 ML"
1673;6285;1694;"CAIXA 500 PAR"
1674;6305;1695;"CAIXA 1200 UNIDADE"
1675;6345;1697;"EMBALAGEM 100 MILIGRAMA"
1676;6325;1696;"FRASCO-AMPOLA 1 MILIGRAMA"
1677;6365;1698;"PACOTE 1200 UNIDADE"
1678;6385;1699;"FRASCO 42 MILILITRO"
1679;6386;1700;"FRASCO 82 MILILITRO"
1680;6405;1701;"EMBALAGEM 20 UNIDADE"
1681;6425;1702;"BOBINA 2500 ETIQUETAS"
1682;6426;1703;"BOBINA 2500 UNIDADE"
1683;6445;1704;"BOBINA 3500 UNIDADE"
1684;6465;1705;"ALMOTOLIA 250 MILILITRO"
1874;8985;1895;"CAIXA 140 UNIDADE"
1875;9005;1896;"PACOTE 600 GRAMA"
1876;9006;1897;"EMBALAGEM 25 GRAMAS"
1881;9065;1902;"TESTES 64 TESTES"
1882;9066;1903;"KIT 64 TESTES"
1886;9125;1907;"EMBALAGEM 56 GRAMA"
1887;9126;1908;"EMBALAGEM 226 GRAMA"
1888;9127;1909;"EMBALAGEM 236 MILILITRO"
1889;9128;1910;"EMBALAGEM 900 MILILITRO"
1893;9185;1914;"EMBALAGEM 22 QUILOGRAMA"
1894;9205;1915;"ROLO 32 METRO"
1895;9225;1916;"EMBALAGEM 38 LITRO"
1906;9325;1927;"KIT 1250 TESTES"
1907;9345;1928;"EMBALAGEM 2.5 LITRO"
1908;9346;1929;"EMBALAGEM 18 LITRO"
1912;9405;1933;"ROLO 780 METRO"
1913;9406;1934;"KIT"
1916;9465;1937;"REFIL"
1919;9525;1940;"PECA 25 METRO"
1928;9665;1949;"TABLETE"
1929;9685;1950;"TUBO 16 UNIDADE"
1685;6505;1707;"FRASCO 20 MICROGRAMAS"
1686;6485;1706;"FRASCO 255 MILILITRO"
1687;6525;1708;"PACOTE 90 UNIDADE"
1688;6545;1709;"CAIXA 8200 UNIDADE"
1689;6565;1710;"PACOTE 600 TIRAS"
1690;6585;1711;"KIT 100 REACAO"
1691;6605;1712;"POTE 125 EMB"
1692;6625;1713;"PACOTE 4000 UNIDADE"
1693;6645;1714;"PACOTE 32 UNIDADE"
1694;6665;1715;"EMBALAGEM 40 UNIDADE"
1695;6685;1716;"BALDE 25 QUILOGRAMA"
1696;6686;1717;"EMBALAGEM 280 GRAMA"
1697;6705;1718;"GALAO 5 QUILOGRAMA"
1698;6706;1719;"EMBALAGEM 25 QUILOGRAMA"
1699;6725;1720;"COPO 220 GRAMA"
1700;6745;1721;"PACOTE 28 UNIDADE"
1701;6765;1722;"PACOTE 1600 UNIDADE"
1702;6766;1723;"PACOTE 5000 UNIDADE"
1703;6785;1724;"EMBALAGEM 25 UNIDADE"
1704;6786;1725;"FARDO 400 UNIDADE"
1705;6805;1726;"KIT 4 FRASCOS 125 ML"
1706;6825;1727;"BLISTER 14 UNIDADE"
1707;6865;1729;"EMBALAGEM 440 GRAMA"
1708;6845;1728;"FRASCO-AMPOLA 1.5 MILILITRO"
1709;6866;1730;"CAIXA 224 UNIDADE"
1710;6885;1731;"FRASCO 7.5 MILILITRO"
1711;6905;1732;"BISNAGA"
1712;6906;1733;"AMPOLA-"
1713;6907;1734;"SERINGA PREENCHIDA"
1714;6945;1737;"EMBALAGEM 125 MILILITRO"
1715;6946;1738;"EMBALAGEM 131 UNIDADE"
1716;6925;1735;"EMBALAGEM 2400 UNIDADE"
1717;6926;1736;"EMBALAGEM 296 UNIDADE"
1718;6965;1739;"PACOTE 4605 UNIDADE"
1719;6966;1740;"PACOTE 6000 UNIDADE"
1720;6985;1741;"BOBINA 7500 CAIXA"
1721;7005;1742;"BOLSA"
1722;7006;1743;"AMPOLA."
1723;7025;1744;"BOBINA 7500 UNIDADE"
1724;7065;1746;"CARGA HORARIA 36 HORAS POR SEMANA"
1725;7045;1745;"PACOTE 180 UNIDADE"
1726;7085;1747;"BLISTER"
1727;7086;1748;"CARGA HORARIA 40 HORAS POR SEMANA"
1728;7087;1749;"CARGA HORARIA 30 HORAS POR SEMANA"
1729;7105;1750;"UNIDADE"
1730;7106;1751;"METRO"
1731;7125;1752;"EMBALAGEM 1000 MILILITRO"
1732;7145;1753;"CARRETEL 120 METRO"
1733;7165;1754;"ENVELOPE"
1734;7166;1755;"LATA"
1735;7167;1756;"COMPRIMIDO"
1736;7168;1757;"CAPSULA"
1737;7169;1758;"SUPOSITORIO"
1738;7170;1759;"CENTRIMETRO QUADRADO"
1739;7185;1760;"METRO CUBICO 7 METROS"
1740;7225;1762;"TUBO 7 METRO"
1741;7226;1763;"PONTO DE FUNCAO"
1742;7205;1761;"POTE 170 GRAMA"
1743;7245;1764;"CAIXA 465 GRAMA"
1744;7285;1766;"GIBABYTE"
1745;7305;1767;"GIGABYTE"
1746;7265;1765;"PACOTE 750 GRAMA"
1747;7325;1768;"ROLO 7.62 METRO"
1748;7345;1769;"SACHE"
1749;7365;1770;"FRASCO APLICADOR"
1750;7385;1771;"ROLO"
1751;7405;1772;"CAIXA"
1752;7425;1773;"EMBALAGEM 750 UNIDADE"
1753;7426;1774;"EMBALAGEM 1600 UNIDADE"
1754;7427;1775;"EMBALAGEM 2800 UNIDADE"
1755;7428;1776;"EMBALAGEM 3250 UNIDADE"
1756;7445;1777;"CENTIMETRO QUADRADO"
1757;7465;1778;"CILINDRO 10 METRO CUBICO"
1758;7466;1779;"CILINDRO 8.5 METRO CUBICO"
1759;7467;1780;"TUBO 1.5 MILILITRO"
1760;7485;1781;"UNIDADE SUPORTE TEC"
1761;7505;1782;"BOBINA 4 QUILOGRAMA"
1762;7525;1783;"PACOTE 25 FOLHA"
1763;7545;1784;"PACOTE 480 GRAMA"
1764;7565;1785;"BOBINA 3.8 QUILOGRAMA"
1765;7585;1786;"EMBALAGEM 165 GRAMA"
1766;7605;1787;"KCAL"
1767;7625;1788;"CARGA HORARIA 44 HORAS POR SEMANA"
1768;7626;1789;"CARGA HORARIA 22 HORAS POR SEMANA"
1769;7645;1790;"TUBO"
1770;7646;1791;"FLACONETE"
1771;7647;1792;"CARPULE"
1772;7665;1793;"EMBALAGEM 1100 GRAMA"
1773;7685;1794;"POTE 140 GRAMA"
1774;7686;1795;"CAIXA 440 GRAMA"
1775;7705;1796;"CAIXA 36000 UNIDADE"
1776;7725;1797;"EMBALAGEM 1 GRAMA"
1777;7726;1798;"EMBALAGEM 500 MILIGRAMA"
1778;7727;1799;"EMBALAGEM 5 GRAMA"
1779;7728;1800;"EMBALAGEM 5 MILILITRO"
1780;7729;1801;"EMBALAGEM 1 MILILITRO"
1781;7730;1802;"EMBALAGEM 250 MILIGRAMA"
1782;7745;1803;"EMBALAGEM 65 GRAMA"
1783;7765;1804;"BOLSA 900 GRAMA"
1784;7785;1805;"PACOTE 56 UNIDADE"
1785;7805;1806;"CARGA HORARIA 20 HORAS POR SEMANA"
1786;7825;1807;"BOMBONA 22 LITRO"
1787;7845;1808;"ROLO 45 CENTIMETRO"
1788;7865;1809;"TESTES"
1789;7885;1810;"ROLO 2.4 QUILOGRAMA"
1790;7905;1811;"02 ANOS"
1791;7906;1812;"03 ANOS"
1792;7925;1813;"BOBINA 165 METRO"
1793;7945;1814;"ROLO 100 GRAMA"
1794;7985;1816;"EMBALAGEM 50U 200 GRAMA"
1795;7965;1815;"EMBALAGEM 200 EMBALAGEM 50 U"
1796;8005;1817;"UNIDADE INTERNACIONA"
1797;8045;1819;"PACOTE 96 UNIDADE"
1798;8025;1818;"ROLO 130 METRO"
1799;8065;1820;"UNIDADE DE ENSINO"
1800;8085;1821;"CARTUCHO 1 UNIDADE"
1801;8086;1822;"CARTUCHO 2 UNIDADE"
1802;8087;1823;"CARTUCHO 4 UNIDADE"
1803;8105;1824;"CAIXA 252 UNIDADE"
1804;8106;1825;"EMBALAGEM 540 GRAMAS"
1805;8125;1826;"FRASCO 295 MILILITRO"
1806;8145;1827;"PACOTE 8 GRAMA"
1807;8146;1828;"POTE 2.5 QUILOGRAMA"
1808;8147;1829;"GALAO 50 LITRO"
1809;8148;1830;"FRASCO 40 DOSE"
1810;8126;1831;"CAIXA 150 FOLHA"
1811;8127;1832;"CAIXA 350 FOLHA"
1812;8128;1833;"CAIXA 750 FOLHA"
1813;8149;1834;"BOBINA"
1814;8165;1835;"CAIXA 4 SERINGA 0,5ML"
1815;8166;1836;"FRASCO-AMPOLA 0,23ML"
1816;8185;1837;"SACHE 2.5 GRAMA"
1817;8205;1838;"BALDE 400 CAIXA"
1818;8206;1839;"POTE 450 UNIDADE"
1819;8225;1840;"FRASCO 90 UNIDADE"
1820;8226;1841;"GALAO 4 LITRO"
1821;8245;1842;"SACHE 8.5 GRAMAS"
1822;8265;1843;"POTE"
1823;8305;1845;"TESTE"
1824;8285;1844;"TESTE 1 UNIDADE"
1825;8325;1846;"ESTOJO 1 UNIDADE"
1826;8345;1847;"BALDE"
1827;8365;1848;"ROLO 150 METRO"
1828;8366;1849;"EMBALAGEM 40 LITRO"
1829;8405;1851;"FRASCO-AMPOLA 16 MILILITRO"
1830;8385;1850;"CAIXA 3 SERINGA 2 ML"
1831;8426;1853;"BISNAGA 100 MILILITRO"
1832;8425;1852;"EMBALAGEM 45 MILILITRO"
1833;8427;1854;"HECTARE"
1834;8445;1855;"CHIP"
1835;8465;1856;"ROLO 3000 METRO"
1836;8485;1857;"GARRAFA 995 MILILITRO"
1837;8505;1858;"CAIXA 6 FRASCOS 6ML"
1838;8506;1859;"CAIXA 6 FRASCO 100ML"
1839;8507;1860;"TONELADA"
1840;8525;1861;"MILHEIRO"
1841;8545;1862;"EMBALAGEM 355 GRAMA"
1842;8546;1863;"EMBALAGEM 330 GRAMA"
1843;8547;1864;"EMBALAGEM 210 GRAMA"
1844;8548;1865;"EMBALAGEM 215 GRAMA"
1845;8549;1866;"PACOTE 320 GRAMA"
1846;8565;1867;"KIT 4 FRASCO 200 ML"
1847;8585;1868;"GARRAFA 970 MILILITRO"
1848;8605;1869;"RACK 200 UNIDADE"
1849;8606;1870;"EMBALAGEM 15 GRAMA"
1850;8625;1871;"FRASCO 28 MILILITRO"
1851;8645;1872;"EMBALAGEM 80 GRAMA"
1852;8646;1873;"EMBALAGEM 10 GRAMA"
1853;8665;1874;"EMBALAGEM 4.5 GRAMA"
1854;8685;1875;"ROLO 3.5 METRO"
1855;8705;1878;"EMBALAGEM 1.75 QUILOGRAMA"
1856;8686;1876;"ENVELOPE 24 GRAMA"
1857;8725;1879;"FRASCO 4 FRASCOS 125 ML"
1858;8745;1877;"EMBALAGEM 50 SACHE"
1859;8765;1880;"RACK 96 UNIDADE"
1860;8785;1881;"FRASCO 260 MILILITRO"
1861;8805;1882;"PACOTE 72 UNIDADE"
1862;8806;1883;"FRASCO 14 MILILITRO"
1863;8825;1884;"KIT 150 REACAO"
1864;8826;1885;"CAIXA 5 REFIL"
1865;8845;1886;"FRASCO 220 MILILITRO"
1866;8865;1887;"PACOTE 32 GRAMAS"
1867;8885;1888;"CAIXA 100 TIRAS"
1868;8906;1890;"LATA 335 MILILITRO"
1869;8925;1891;"EMBALAGEM 150 GRAMAS"
1870;8905;1889;"EMBALAGEM 345 GRAMAS"
1871;8926;1892;"SACHE 30 MILILITRO"
1872;8945;1893;"KIT 250 MILILITRO"
1873;8965;1894;"EMBALAGEM 200 UNIDADE"
1903;9265;1924;"FRASCO 1000 MILIGRAMA"
1904;9285;1925;"AMPOLA .6 MILILITRO"
1921;9565;1942;"BISNAGA 65 GRAMA"
1922;9585;1943;"CENTIMETRO CUBICO"
1877;9007;1898;"ROLO 2.8 QUILOGRAMA"
1878;9025;1899;"EMBALAGEM 70 GRAMA"
1879;9026;1900;"POTE 700 GRAMA"
1883;9085;1904;"LITRO"
1884;9105;1905;"EMBALAGEM 59 GRAMA"
1885;9106;1906;"EMBALAGEM 236 GRAMA"
1890;9145;1911;"ROLO 2200 METRO"
1891;9165;1912;"CARGA FECHADA"
1892;9166;1913;"CARGA FRACIONADA"
1915;9445;1936;"LATA 280 GRAMA"
1918;9505;1939;"PACOTE"
1924;9625;1945;"SACO"
1880;9045;1901;"POTE 1.5 LITRO"
1896;9245;1922;"LATA 200 GRAMAS"
1897;9246;1923;"LATA 750 GRAMAS"
1898;9247;1917;"BISNAGA 30 MILILITRO"
1899;9248;1918;"BISNAGA 75 MILILITRO"
1900;9249;1919;"BISNAGA 75 GRAMAS"
1901;9250;1920;"TUBO 75 GRAMAS"
1902;9251;1921;"TUBO 75 MILILITRO"
1905;9305;1926;"CILINDRO"
1909;9365;1930;"GALAO"
1910;9385;1931;"CAIXA 10500 UNIDADE"
1911;9386;1932;"CAIXA"
1914;9425;1935;"KIT 230 TESTES"
1917;9485;1938;"EMBALAGEM"
1920;9545;1941;"EMBALAGEM 4 QUILOGRAMA"
1923;9605;1944;"FRASCO 4.5 MILILITRO"
1925;9645;1946;"COPO"
1926;9646;1947;"GARRAFA"
1927;9647;1948;"GARRAFAO"
1049;68;615;"CAIXA 50 FOLHA"
1050;69;621;"PACOTE 48 FOLHA"
1051;70;625;"ENVELOPE 25 FOLHA"
1052;71;626;"ENVELOPE 20 FOLHA"
1053;72;632;"PACOTE 22 FOLHA"
1054;73;633;"PACOTE 29 FOLHA"
1055;74;634;"PACOTE 44 FOLHA"
1056;75;635;"PACOTE 74 FOLHA"
1057;76;636;"PACOTE 150 FOLHA"
1058;77;640;"PACOTE 1000 FOLHA"
1059;78;884;"CAIXA 20 FOLHA"
1060;79;911;"FARDO 1000 FOLHA"
1061;80;956;"BLOCO 30 FOLHA"
1062;81;963;"BLOCO 60 FOLHA"
1063;82;965;"PACOTE 2000 FOLHA"
1064;83;978;"CAIXA 7500 FOLHA"
1065;84;988;"BLOCO 20 FOLHA"
1066;85;1130;"FARDO 2400 FOLHA"
1067;86;1161;"PACOTE 300 FOLHA"
1068;87;1176;"CAIXA 250 FOLHA"
1069;88;1207;"CAIXA 2500 FOLHA"
1070;89;1250;"ROLO 25 FOLHA"
1071;90;12;"FRASCO"
1072;347;1234;"ENVELOPE 2 GRAMA"
1073;348;1243;"BISNAGA 70 GRAMA"
1074;349;1244;"FRASCO 332 GRAMA"
1075;350;1246;"FRASCO 12.5 GRAMA"
1076;351;1257;"FRASCO 60 GRAMA"
1077;352;1258;"SACHE 20 GRAMA"
1078;353;1259;"SACHE 30 GRAMA"
1079;354;1260;"SACHE 40 GRAMA"
1080;355;1270;"LATA 380 GRAMA"
1081;356;1272;"PACOTE 800 GRAMA"
1082;357;1276;"LATA 900 GRAMA"
1083;358;1279;"BISNAGA 200 GRAMA"
1084;359;1281;"LATA 430 GRAMA"
1085;360;1284;"POTE 800 GRAMA"
1086;361;1291;"SACHE 4 GRAMA"
1087;362;1293;"SERINGA 19 GRAMA"
1088;363;1302;"ROLO 125 GRAMA"
1089;364;1313;"FRASCO 125 GRAMA"
1090;365;1321;"CAIXA 1800 GRAMA"
1091;366;1324;"BISNAGA 150 GRAMA"
1092;367;1333;"TABLETE 20 GRAMA"
1093;368;1337;"LATA 260 GRAMA"
1094;369;1340;"ENVELOPE 12 GRAMA"
1095;1502;1355;"SACHE 5.85 GRAMA"
1096;1562;1358;"POTE 174 GRAMA"
1097;1563;1359;"LATA 860 GRAMA"
1098;1803;1376;"ENVELOPE 3 GRAMA"
1099;183;395;"FRASCO 500 GRAMA"
1100;184;400;"LATA 400 GRAMA"
1101;185;409;"BISNAGA 3.5 GRAMA"
1102;186;410;"PACOTE 25 GRAMA"
1103;187;412;"BISNAGA 490 GRAMA"
1104;188;416;"PACOTE 150 GRAMA"
1105;189;417;"FRASCO 4 GRAMA"
1106;190;419;"FRASCO 7 GRAMA"
1107;191;425;"POTE 400 GRAMA"
1108;192;426;"TUBO 50 GRAMA"
1109;193;429;"TUBO 45 GRAMA"
1110;194;430;"TUBO 40 GRAMA"
1111;195;435;"FRASCO 235 GRAMA"
1112;196;436;"FRASCO 15.9 GRAMA"
1113;197;453;"LATA 237 GRAMA"
1114;198;461;"POTE 20 GRAMA"
1115;199;462;"CARTUCHO 400 GRAMA"
1116;200;468;"POTE 340 GRAMA"
1117;301;1091;"TUBO 280 GRAMA"
1118;302;1098;"FRASCO 8 GRAMA"
1119;303;1102;"POTE 750 GRAMA"
1120;304;1103;"ENVELOPE 184 GRAMA"
1121;305;1106;"BISNAGA 8 GRAMA"
1122;306;1107;"FRASCO 420 GRAMA"
1123;307;1109;"POTE 1365 GRAMA"
1124;308;1110;"POTE 1370 GRAMA"
1125;309;1111;"TUBO 67 GRAMA"
1126;310;1112;"TUBO 120 GRAMA"
1127;311;1113;"TUBO 154 GRAMA"
1128;312;1114;"TUBO 90 GRAMA"
1129;313;1115;"POTE 90 GRAMA"
1130;314;1121;"SERINGA 1.2 GRAMA"
1131;315;1122;"SERINGA 2.5 GRAMA"
1132;316;1123;"SERINGA 4 GRAMA"
1133;317;1124;"SERINGA 10 GRAMA"
1134;318;1125;"SERINGA 30 GRAMA"
1135;319;1126;"SERINGA 50 GRAMA"
1136;320;1127;"POTE 1200 GRAMA"
1137;321;1128;"POTE 5000 GRAMA"
1138;322;1142;"SERINGA 20 GRAMA"
1139;323;1143;"SERINGA 26 GRAMA"
1140;324;1145;"SERINGA 3.5 GRAMA"
1141;325;1155;"PACOTE 900 GRAMA"
1142;326;1158;"PACOTE 450 GRAMA"
1143;327;1163;"PACOTE 375 GRAMA"
1144;328;1164;"PACOTE 6 GRAMA"
1145;329;1168;"FRASCO-AMPOLA 2 GRAMA"
1146;330;1169;"LATA 750 GRAMA"
1147;331;1174;"PACOTE 40 GRAMA"
1148;332;1185;"PACOTE 30 GRAMA"
1149;333;1188;"SERINGA 3 GRAMA"
1150;334;1189;"SACHE 5 GRAMA"
1151;335;1192;"ESTOJO 110 GRAMA"
1152;336;1198;"SACHE 7 GRAMA"
1153;337;1210;"MARMITEX 350 GRAMA"
1154;338;1211;"MARMITEX 850 GRAMA"
1155;339;1212;"MARMITEX 250 GRAMA"
1156;340;1213;"MARMITEX 750 GRAMA"
1157;341;1222;"PACOTE 20.5 GRAMA"
1158;342;1223;"PACOTE 410 GRAMA"
1159;343;1224;"PACOTE 454 GRAMA"
1160;344;1231;"LATA 240 GRAMA"
1161;345;1232;"FRASCO 800 GRAMA"
1162;346;1233;"ENVELOPE .5 GRAMA"
1163;119;148;"TUBO 10 GRAMA"
1164;120;149;"TUBO 15 GRAMA"
1165;121;150;"TUBO 20 GRAMA"
1166;122;151;"TUBO 25 GRAMA"
1167;123;152;"TUBO 30 GRAMA"
1168;124;153;"TUBO 5 GRAMA"
1169;125;161;"TUBO 70 GRAMA"
1170;126;170;"BISNAGA 2 GRAMA"
1171;127;183;"CAIXA 50 GRAMA"
1172;128;184;"CAIXA 20 GRAMA"
1173;129;185;"PACOTE 20 GRAMA"
1174;130;187;"PACOTE 500 GRAMA"
1175;131;192;"PACOTE 250 GRAMA"
1176;132;193;"PACOTE 100 GRAMA"
1177;133;197;"ROLO 250 GRAMA"
1178;134;199;"FRASCO 9 GRAMA"
1179;135;216;"TABLETE 200 GRAMA"
1180;136;221;"ROLO 240 GRAMA"
1181;137;223;"POTE 150 GRAMA"
1182;138;229;"FRASCO 90 GRAMA"
1183;139;232;"CAIXA 100 GRAMA"
1184;140;235;"CAIXA 500 GRAMA"
1185;141;237;"FRASCO 900 GRAMA"
1186;142;238;"FRASCO 550 GRAMA"
1187;143;239;"FRASCO 310 GRAMA"
1188;144;240;"FRASCO 350 GRAMA"
1189;145;241;"FRASCO 65 GRAMA"
1190;146;242;"FRASCO 150 GRAMA"
1191;147;243;"FRASCO 400 GRAMA"
1192;148;244;"FRASCO 200 GRAMA"
1193;149;245;"BARRA 400 GRAMA"
1194;150;251;"LATA 300 GRAMA"
1195;151;257;"CAIXA 39.5 GRAMA"
1196;152;258;"BISNAGA 75 GRAMA"
1197;153;261;"TUBO 7.8 GRAMA"
1198;154;264;"LATA 375 GRAMA"
1199;155;265;"LATA 200 GRAMA"
1200;156;276;"LATA 50 GRAMA"
1201;157;277;"LATA 8 GRAMA"
1202;158;287;"FRASCO 190 GRAMA"
1203;159;291;"BISNAGA 25 GRAMA"
1204;160;293;"FRASCO 300 GRAMA"
1205;161;297;"FRASCO 75 GRAMA"
1206;162;298;"POTE 60 GRAMA"
1207;163;303;"TUBO 100 GRAMA"
1208;164;305;"ROLO 400 GRAMA"
1209;165;306;"BARRA 100 GRAMA"
1210;166;312;"ROLO 500 GRAMA"
1211;167;318;"CAIXA 25 GRAMA"
1212;168;334;"CARTUCHO 575 GRAMA"
1213;169;335;"LATA 500 GRAMA"
1214;170;341;"CAIXA 28 GRAMA"
1215;171;346;"FRASCO 250 GRAMA"
1216;172;348;"TUBO 18 GRAMA"
1217;173;363;"CAIXA 30 GRAMA"
1218;174;370;"FRASCO 50 GRAMA"
1219;175;371;"FRASCO 12 GRAMA"
1220;176;372;"FRASCO 28 GRAMA"
1221;177;376;"BISNAGA 90 GRAMA"
1222;178;377;"TUBO 75 GRAMA"
1223;179;378;"TUBO 3 GRAMA"
1224;180;379;"CAIXA 350 GRAMA"
1225;181;387;"CAIXA 200 GRAMA"
1226;182;391;"FRASCO 38 GRAMA"
1227;255;799;"PACOTE 11 GRAMA"
1228;256;800;"PACOTE 90 GRAMA"
1229;257;801;"PACOTE 120 GRAMA"
1230;258;806;"TABLETE 13 GRAMA"
1231;259;812;"VIDRO 800 GRAMA"
1232;260;816;"COPO 250 GRAMA"
1233;261;820;"TABLETE 19 GRAMA"
1234;262;821;"TABLETE 25 GRAMA"
1235;263;823;"TABLETE 22 GRAMA"
1236;264;832;"FRASCO 850 GRAMA"
1237;265;833;"LATA 990 GRAMA"
1238;266;844;"ROLO 200 GRAMA"
1239;267;848;"CAIXA 90 GRAMA"
1240;268;897;"TUBO 73 GRAMA"
1241;269;903;"SACHE 8 GRAMA"
1242;270;908;"FRASCO 600 GRAMA"
1243;271;912;"PACOTE 10 GRAMA"
1244;272;913;"PACOTE 15 GRAMA"
1245;273;914;"PACOTE 5 GRAMA"
1246;274;915;"FOLHA 10 GRAMA"
1247;275;916;"CAIXA 140 GRAMA"
1248;276;920;"TABLETE 125 GRAMA"
1249;277;935;"POTE 110 GRAMA"
1250;278;937;"FRASCO 35 GRAMA"
1251;279;953;"TUBO 85 GRAMA"
1252;280;955;"ENVELOPE 80 GRAMA"
1253;281;961;"PACOTE 300 GRAMA"
1254;282;970;"FRASCO 185 GRAMA"
1255;283;983;"BISNAGA 175 GRAMA"
1256;284;990;"PACOTE 270 GRAMA"
1257;285;991;"PACOTE 390 GRAMA"
1258;286;994;"CAIXA 672 GRAMA"
1259;287;999;"POTE 185 GRAMA"
1260;288;1001;"LATA 190 GRAMA"
1261;289;1002;"LATA 2200 GRAMA"
1262;290;1003;"CAIXA 80 GRAMA"
1263;291;1004;"CAIXA 410 GRAMA"
1264;292;1005;"CAIXA 160 GRAMA"
1265;293;1006;"LATA 125 GRAMA"
1266;294;1009;"COPO 260 GRAMA"
1267;295;1040;"BISNAGA 35 GRAMA"
1268;296;1050;"FRASCO 1.5 GRAMA"
1944;9945;1965;"MES"
1946;9985;1967;"KIT 10 REACAO"
1947;9986;1968;"KIT 40 REACAO"
1948;9987;1969;"KIT 50 REACAO"
1949;9988;1970;"KIT 250 REACAO"
1931;9725;1952;"MINUTO"
1936;9805;1957;"ROLO 640 UNIDADE"
1937;9825;1958;"PONTO ITEM CONFIG"
1939;9865;1960;"CABO .3 METRO"
1941;9905;1962;"FRASCO .7 MILILITRO"
1942;9925;1963;"EMBALAGEM 20 QUILOGRAMA"
1943;9926;1964;"EMBALAGEM 1.5 LITRO"
1932;9745;1953;"AMPOLA .75 MILILITRO"
1933;9765;1954;"FOLHA"
1940;9885;1961;"GALAO 4.5 LITRO"
1945;9965;1966;"TABLETE 30 GRAMA"
1930;9705;1951;"JOGO"
1934;9785;1955;"CAIXA 9600 UNIDADE"
1935;9786;1956;"CAIXA 5700 UNIDADE"
1938;9845;1959;"GALAO 6 LITRO"
